product_id,name,name_en,price,currency,brand,category,availability,url,thumbnail_image,gallery_images,description,specifications
51881,فوكس | فرشاة اسنان ناعمة للاطفال متعددة الالوان,fuchs kids view soft toothbrush1p4i,25,EGP,No Brand,المستلزمات الطبية>,in stock,https://chefaa.com:443/eg-ar/nowProduct/fuchs-kids-view-soft-toothbrush1p4i,https://cdn.chefaa.com/filters:format(webp)/public/uploads/products/fuchs-kids-view-soft-toothbrush1p4i-01735172289.png,https://cdn.chefaa.com/filters:format(webp)/public/uploads/products/fuchs-kids-view-soft-toothbrush1p4i-01735172289.png,مميزات المنتج   فوكس | فرشاة اسنان ناعمة للاطفال متعددة الالوان,raw_specs: المواصفات
44845,لزقة النمر | 1 قطعة,tiger plaster pcs rvrx,850,EGP,No Brand,المستلزمات الطبية>ادارة الالم,in stock,https://chefaa.com:443/eg-ar/nowProduct/tiger-plaster-50-pcs-rvrx,https://cdn.chefaa.com/filters:format(webp)/public/uploads/products/tiger-plaster-50-pcs-i9jh-01722265558.png,https://cdn.chefaa.com/filters:format(webp)/public/uploads/products/tiger-plaster-50-pcs-i9jh-01722265558.png,مميزات المنتج   لزقة النمر | 1 قطعة,raw_specs: المواصفات
49839,اكيو شيك | جايد شرائط قياس السكر | 50 شريط,accu chek guide test strips strips lylc,650,EGP,اكيو تشيك,المستلزمات الطبية>العناية بالسكري,in stock,https://chefaa.com:443/eg-ar/nowProduct/accu-chek-guide-test-strips-50-strips-lylc,https://cdn.chefaa.com/filters:format(webp)/public/uploads/products/accu-chek-guide-test-strips-50-strips-0ivo-01730539099.png,https://cdn.chefaa.com/filters:format(webp)/public/uploads/products/accu-chek-guide-test-strips-50-strips-0ivo-01730539099.png,مميزات المنتج   اكيو شيك | جايد شرائط قياس السكر | 50 شريط,ماركة: اكيو تشيك
56965,كيور إيد | لاصقات هيدروكولويد لعلاج حب الشباب | 6 قطع,cure aid hydrocolloid patches pcs m8tf,80,EGP,No Brand,المستلزمات الطبية>,in stock,https://chefaa.com:443/eg-ar/nowProduct/cure-aid-hydrocolloid-patches-6-pcs-m8tf,https://cdn.chefaa.com/filters:format(webp)/public/uploads/products/cure-aid-hydrocolloid-patches-6-pcs-5jlr-01734616219.png,https://cdn.chefaa.com/filters:format(webp)/public/uploads/products/cure-aid-hydrocolloid-patches-6-pcs-5jlr-01734616219.png,مميزات المنتج   كيور إيد | لاصقات هيدروكولويد لعلاج حب الشباب | 6 قطع,raw_specs: المواصفات
51127,قسطرة كاندم ديبلومات مقاس اكس لارج,catheter condom diplomat largZuMs,30,EGP,No Brand,المستلزمات الطبية>,in stock,https://chefaa.com:443/eg-ar/nowProduct/catheter-condom-diplomat-x-largZuMs,https://cdn.chefaa.com/filters:format(webp)/public/uploads/products/catheter-condom-diplomat-x-largzums-01733319705.png,https://cdn.chefaa.com/filters:format(webp)/public/uploads/products/catheter-condom-diplomat-x-largzums-01733319705.png,مميزات المنتج   قسطرة كاندم ديبلومات مقاس اكس لارج,raw_specs: المواصفات
143,شرائط اكيو تشيك انستانت لقياس نسبة السكر في الدم | 50 شريط,accu chek instant test strips strips pack,620,EGP,اكيو تشيك,المستلزمات الطبية>,in stock,https://chefaa.com:443/eg-ar/nowProduct/accu-chek-instant-test-strips-50-strips-pack,https://cdn.chefaa.com/filters:format(webp)/public/uploads/products/accu-chek-instant-test-strips-50-strips-pack-01654518925.png,https://cdn.chefaa.com/filters:format(webp)/public/uploads/products/accu-chek-instant-test-strips-50-strips-pack-01654518925.png,مميزات المنتج   تتميز شرائط اكيو تشيك انستانت بما يلى: يمتد الحاجز الواقي الشفاف بطول شريط الاختبار بالكامل لحماية مكان العينة من التلوث. تتميز أنها بسيطة وسهلة الاستخدام. تتميز بجودتها. تتميز أنها صغيرة الحجم ومصنوعة من خامات عالية الجودة. تحتاج الشرائط إلى عينة دم قليلة تصل إلى 0.6 مل فقط لتحديد مستوى السكر في الدم. تتوافق شرائط تحليل السكر مع تكنولوجيا سحب العينة التلقائي الموجود في جهاز السكر وذلك لضمان توفير قياس دقيق لنسبة السكر. تتناسب مع معايير الدقة والجودة ISO. مناسبة للاستخدام الذاتي دون الحاجة إلى المساعدة. تاريخ الانتهاء مكتوب على العبوة من الخارج. تتميز أنها صناعة ألمانية.   عن هذا المنتج     شرائط اكيو تشيك انستانت عبوة  Accu-Chek Instant -Glucose Test Strips تحتوي على 50 شريط. سعر شرائط اكيو- تشيك انستانت في مصر accu chek instant سعر 50 شريط حوالى 395 جنيه يوصي باستعمال اكوا تشيك إنستانت  شرائط اكيو تشيك انستانت مناسبة لجهاز قياس السكر أكيو تشيك انستانت وانستانت اس وتتميز بجودتها ودقتها العالية. ما افضل جهاز لقياس السكر ؟ جهاز اكوا تشيك جهاز قياس السكر GlucoDr كونتور بلس جهاز لقياس السكر جهاز فري ستايل,ماركة: اكيو تشيك
2445,شاش طبي | 5سم,medical gauze 5cm,7,EGP,No Brand,المستلزمات الطبية>الاسعافات الاولية,in stock,https://chefaa.com:443/eg-ar/nowProduct/medical-gauze-5cm,https://cdn.chefaa.com/filters:format(webp)/public/uploads/products/1591611232medical-gauze-5cm.jpg,https://cdn.chefaa.com/filters:format(webp)/public/uploads/products/1591611232medical-gauze-5cm.jpg,مميزات المنتج   شاش طبي | 5سم   عن هذا المنتج     شاش طبي | 5سم,raw_specs: المواصفات
30559,تامباكس سدادات قطنية للعناية الشخصية | 10 قطع,tampax super tampons 10pcs pvwk,360,EGP,No Brand,المستلزمات الطبية>الاسعافات الاولية,in stock,https://chefaa.com:443/eg-ar/nowProduct/tampax-super-tampons-10pcs-pvwk,https://cdn.chefaa.com/filters:format(webp)/public/uploads/products/tampax-super-tampons-10pcs-pvwk-01724677506.png,https://cdn.chefaa.com/filters:format(webp)/public/uploads/products/tampax-super-tampons-10pcs-pvwk-01724677506.png,مميزات المنتج   تتميز تامباكس سدادات قطنية بما يلي: توفر حماية عالية من التسرب وقدرة عالية على الامتصاص. تعطيك الإحساس بالراحة والأمان. توفر الحماية لمدة تدوم حتى 8 ساعات. مغلفة بشكل فردي. بها أداة توزيع بلاستيكية تسهل استخدامها. خالية من العطور والصبغات وآمنة للاستخدام. سعر تامباكس سدادات قطنية مناسب مقارنة بفوائدها.   عن هذا المنتج     مكونات تامباكس سدادات قطنية   تحتوي تامباكس سدادات قطنية على   القطن: يساعد على امتصاص السوائل ومنع تسربها.  بولي بروبيلين: يحمي من تسرب السوائل.  الجلسرين: يشكل طبقة عازلة ويزيد قدرة الألياف على الامتصاص.  حجم Tampax  تتوفر Tampax على هيئة عبوة تحتوي على 10 قطع أو 20 أو 40 أو 54 قطعة.  يوصى باستعمال تامباكس سدادات قطنية ل  تامباكس سدادات قطنية توفر لك المزيد الأمان والحرية بفضل قدرتها العالية على الامتصاص، وتغنيك عن استخدام فوط الدورة الشهرية التي قد تسبب الحساسية والالتهابات.,raw_specs: المواصفات
148,بيونيم | جي ام 100 أصفر - شرائط قياس سكر | 50 شريط,bionime gm100 glucose meter test strip strips,620,EGP,بيونيم,المستلزمات الطبية>,in stock,https://chefaa.com:443/eg-ar/nowProduct/bionime-gm100-glucose-meter-test-strip-50-strips,https://cdn.chefaa.com/filters:format(webp)/public/uploads/products/bionime-gm100-glucose-meter-test-strip-50-strips-01720283015.png,https://cdn.chefaa.com/filters:format(webp)/public/uploads/products/bionime-gm100-glucose-meter-test-strip-50-strips-01720283015.png,مميزات المنتج   بيونيم | جي ام 100 أصفر - شرائط قياس سكر | 50 شريط   عن هذا المنتج     بيونيم | جي ام 100  أصفر - شرائط قياس سكر | 50 شريط,ماركة: بيونيم
28687,كيس قطن | 250جم,cotton k2fh,50,EGP,No Brand,المستلزمات الطبية>الاسعافات الاولية,in stock,https://chefaa.com:443/eg-ar/nowProduct/cotton-250-gm-k2fh,https://cdn.chefaa.com/filters:format(webp)/public/uploads/products/cotton-250-gm-k2fh-01694346096.png,https://cdn.chefaa.com/filters:format(webp)/public/uploads/products/cotton-250-gm-k2fh-01694346096.png,مميزات المنتج   كيس قطن | 250جم,raw_specs: المواصفات
46034,بريس تشيك | شرائط قياس نسبة السكر في الدم | 50 قطعة,precicheck blood glucose test strips pcs 7k2l_duUp5Qg7,410,EGP,No Brand,المستلزمات الطبية>العناية بالسكري,in stock,https://chefaa.com:443/eg-ar/nowProduct/precicheck-blood-glucose-test-strips-50-pcs-7k2l_duUp5Qg7,https://cdn.chefaa.com/filters:format(webp)/public/uploads/products/precicheck-blood-glucose-test-strips-50-pcs-ry3o-01688457932.png,https://cdn.chefaa.com/filters:format(webp)/public/uploads/products/precicheck-blood-glucose-test-strips-50-pcs-ry3o-01688457932.png,مميزات المنتج   بريس تشيك | شرائط قياس نسبة السكر في الدم | 50 قطعة,raw_specs: المواصفات
24229,بيتادين | محلول مطهر 10% بوفيدون أيودين | 120مل,betadine antiseptic sol 120ml 82sr,80,EGP,بيتادين,المستلزمات الطبية>الاسعافات الاولية,in stock,https://chefaa.com:443/eg-ar/nowProduct/betadine-10-antiseptic-sol-120ml-82sr,https://cdn.chefaa.com/filters:format(webp)/public/uploads/products/betadine-10-antiseptic-sol-120ml-82sr-01738234752.png,https://cdn.chefaa.com/filters:format(webp)/public/uploads/products/betadine-10-antiseptic-sol-120ml-82sr-01738234752.png,مميزات المنتج   بيتادين | محلول مطهر 10% بوفيدون أيودين | 120مل   عن هذا المنتج     بيتادين® 10 جم / 100 مل محلول مطهر هو محلول مطهر  يستخدم كمطهر للجلد قبل العمليات الجراحية الكبرى والصغرى. فعال ضد البكتريا و الفطريات و الفيروسات.,ماركة: بيتادين
18469,فاين كير | حفاضات صحية للجنسين مقاس كبير | 9 قطعة,fine care adult diapers incontinence unisex briefs large waist 9pcs ciaz,180,EGP,فاين,المستلزمات الطبية>,in stock,https://chefaa.com:443/eg-ar/nowProduct/fine-care-adult-diapers-incontinence-unisex-briefs-large-waist-9pcs-ciaz,https://cdn.chefaa.com/filters:format(webp)/public/uploads/products/fine-care-adult-diapers-incontinence-unisex-briefs-large-waist-9pcs-ciaz-01655887217.png,https://cdn.chefaa.com/filters:format(webp)/public/uploads/products/fine-care-adult-diapers-incontinence-unisex-briefs-large-waist-9pcs-ciaz-01655887217.png,مميزات المنتج   فاين كير | حفاضات صحية للجنسين مقاس كبير | 9 قطعة,ماركة: فاين
21061,ساني | بنطلون حساس كبير نمبر 3 بالغين | 24 قطعة,sani sensitive pants large no3 enilikon exkn,790,EGP,ساني,المستلزمات الطبية>,in stock,https://chefaa.com:443/eg-ar/nowProduct/sani-sensitive-pants-large-no3-enilikon-24-exkn,https://cdn.chefaa.com/filters:format(webp)/public/uploads/products/sani-sensitive-pants-large-no3-enilikon-24-o2xs-01655981246.png,https://cdn.chefaa.com/filters:format(webp)/public/uploads/products/sani-sensitive-pants-large-no3-enilikon-24-o2xs-01655981246.png,عن هذا المنتج     ساني | بنطلون حساس كبير نمبر 3 بالغين | 24 قطعة,ماركة: ساني
51329,كيور ايد | ضمادة مرنة | 20قطعة,cureaid elastic fabric plasterskTes,54,EGP,No Brand,المستلزمات الطبية>,in stock,https://chefaa.com:443/eg-ar/nowProduct/cureaid-elastic-fabric-plasterskTes,https://cdn.chefaa.com/filters:format(webp)/public/uploads/products/cureaid-elastic-fabric-plastersktes-01734875871.png,https://cdn.chefaa.com/filters:format(webp)/public/uploads/products/cureaid-elastic-fabric-plastersktes-01734875871.png,مميزات المنتج   كيور ايد | ضمادة مرنة | 20قطعة,raw_specs: المواصفات
54292,ديرما تول 10*20 | شاش فازلين | 1قطعه,derma tull l0s0_duKCvDWr,12,EGP,ماسكو ميديكال,المستلزمات الطبية>الاسعافات الاولية,in stock,https://chefaa.com:443/eg-ar/nowProduct/derma-tull-10-20-l0s0_duKCvDWr,https://cdn.chefaa.com/filters:format(webp)/public/uploads/products/derma-tull-10-20-5l5h-01693664384.png,https://cdn.chefaa.com/filters:format(webp)/public/uploads/products/derma-tull-10-20-5l5h-01693664384.png,مميزات المنتج   ديرما تول 10*20 | شاش فازلين | 1قطعه,ماركة: ماسكو ميديكال
384,سيلك بلاست | شريط حرير طبي لاصق | 7.5سم * 5م,silkplast adhesive tape,80,EGP,No Brand,المستلزمات الطبية>الاسعافات الاولية,in stock,https://chefaa.com:443/eg-ar/nowProduct/silkplast-adhesive-tape-75-cm,https://cdn.chefaa.com/filters:format(webp)/public/uploads/products/silkplast-adhesive-tape-75-cm-01654709857.png,https://cdn.chefaa.com/filters:format(webp)/public/uploads/products/silkplast-adhesive-tape-75-cm-01654709857.png,مميزات المنتج   ﻿سيلك بلاست | شريط حرير طبي لاصق | 7.5سم * 5م,raw_specs: المواصفات
31905,بامبينو | شرائح قطن دائرية لمستحضرات التجميل | 70قطعة,bambino round cosmetics cotton pads 70pcs gcac,70,EGP,No Brand,المستلزمات الطبية>,in stock,https://chefaa.com:443/eg-ar/nowProduct/bambino-round-cosmetics-cotton-pads-70pcs-gcac,https://cdn.chefaa.com/filters:format(webp)/public/uploads/products/bambino-round-cosmetics-cotton-pads-70pcs-litu-01695227439.png,https://cdn.chefaa.com/filters:format(webp)/public/uploads/products/bambino-round-cosmetics-cotton-pads-70pcs-litu-01695227439.png,مميزات المنتج   بامبينو | شرائح قطن دائرية لمستحضرات التجميل | 70قطعة,raw_specs: المواصفات
2384,جرانزيا ترمومتر ديجيتال,granzia digital thermometer,100,EGP,جرانزيا,المستلزمات الطبية>,in stock,https://chefaa.com:443/eg-ar/nowProduct/granzia-digital-thermometer-90,https://cdn.chefaa.com/filters:format(webp)/public/uploads/products/granzia-digital-thermometer-90-01740231836.png,https://cdn.chefaa.com/filters:format(webp)/public/uploads/products/granzia-digital-thermometer-90-01740231836.png,عن هذا المنتج     ﻿ ﻿ ﻿ ﻿ ترمومتر ديجيتال لقياس الحراره,ماركة: جرانزيا
383,سيلك بلاست | شريط حرير طبي لاصق | 5سم * 5سم,silkplast adhesive tape,51,EGP,No Brand,المستلزمات الطبية>الاسعافات الاولية,in stock,https://chefaa.com:443/eg-ar/nowProduct/silkplast-adhesive-tape-5-cm,https://cdn.chefaa.com/filters:format(webp)/public/uploads/products/silkplast-adhesive-tape-5-cm-01720453999.png,https://cdn.chefaa.com/filters:format(webp)/public/uploads/products/silkplast-adhesive-tape-5-cm-01720453999.png,مميزات المنتج   سيلك بلاست | شريط حرير طبي لاصق | 5سم * 5سم,raw_specs: المواصفات
46035,سيلك بلاست | شريط حرير طبي لاصق | 1.25سم * 2سم,silkplast adhesive tape 125cm pbru_duWmFqVB,10,EGP,No Brand,المستلزمات الطبية>,in stock,https://chefaa.com:443/eg-ar/nowProduct/silkplast-adhesive-tape-125cm-2m-pbru_duWmFqVB,https://cdn.chefaa.com/filters:format(webp)/public/uploads/products/silkplast-adhesive-tape-125cm-2m-gjk0-01688458186.png,https://cdn.chefaa.com/filters:format(webp)/public/uploads/products/silkplast-adhesive-tape-125cm-2m-gjk0-01688458186.png,عن هذا المنتج     سيلك بلاست | شريط حرير طبي لاصق | 1.25سم * 2سم,raw_specs: المواصفات
56542,تري ام | شريط 10 × 18 سم | 1 قطعة,tri strip 10x18cmW0ua,8,EGP,No Brand,المستلزمات الطبية>الاسعافات الاولية,in stock,https://chefaa.com:443/eg-ar/nowProduct/tri-m-strip-10x18cmW0ua,https://cdn.chefaa.com/filters:format(webp)/public/uploads/products/tri-m-strip-10x18cmw0ua-01751377831.png,https://cdn.chefaa.com/filters:format(webp)/public/uploads/products/tri-m-strip-10x18cmw0ua-01751377831.png,مميزات المنتج   تري ام | شريط 10 × 18 سم | 1 قطعة,raw_specs: المواصفات
45555,كيور ايد | بلاستر حيوانات | 20 قطعة,cure aid plaster zoo 20pcs 8jpg_duMGKof5,35,EGP,No Brand,المستلزمات الطبية>الاسعافات الاولية,in stock,https://chefaa.com:443/eg-ar/nowProduct/cure-aid-plaster-zoo-20pcs-8jpg_duMGKof5,https://cdn.chefaa.com/filters:format(webp)/public/uploads/products/cure-aid-plaster-zoo-20pcs-8jpg-01688453992.png,https://cdn.chefaa.com/filters:format(webp)/public/uploads/products/cure-aid-plaster-zoo-20pcs-8jpg-01688453992.png,عن هذا المنتج     كيور ايد | بلاستر حيوانات | 20 قطعة,raw_specs: المواصفات
60473,اكيو تشيك انستانت جهاز لقياس نسبة السكر في الدم,accu chek instant glucometer ksu5_duOD7afc,550,EGP,اكيو تشيك,المستلزمات الطبية>العناية بالسكري,in stock,https://chefaa.com:443/eg-ar/nowProduct/accu-chek-instant-glucometer-ksu5_duOD7afc,https://cdn.chefaa.com/filters:format(webp)/public/uploads/products/fibixbx4KWBlC96TVjgpYAM09nTzmYR2LG2FaBaP.jpeg,https://cdn.chefaa.com/filters:format(webp)/public/uploads/products/fibixbx4KWBlC96TVjgpYAM09nTzmYR2LG2FaBaP.jpeg,مميزات المنتج   إمكانية ربط جهاز قياس السكر بالهاتف الخاص بك عبر البلوتوث وقراءة نتائج الاختبار من خلال تطبيق mySugr. يحتوي على مؤشر لتحديد ما إذا كانت نسبة السكر الخاصة بك مرتفعة أو منخفضة ليناسب الأهداف العلاجية والوصول للنسبة المطلوبة. يمكن نقل كافة النتائج إلى الهاتف المحمول عبر البلوتوث أو لجهاز الكمبيوتر عبر كابل USB. يحتفظ بنتائج الاختبارات لفترة تصل إلي 90 يوم، وذلك بجانب توضيح متوسط نسبة السكر خلال (7-30-90) يوم. سرعة الحصول على النتائج في أقل من 4 ثواني. يحتوي على زر لإخراج شريط الاختبار بعد الاستخدام لتجنب ملامسته وإزالته بطريقة صحية.  ذو تصميم أنيق وعصري. يحتوى على شاشة كبيرة مفصلة بأرقام كبيرة وشاشة ساطعة بإضاءة خلفية لتسهيل القراءة. لا يحتاج إلى مجهود أو إعداد مسبق، ما عليك سوى إدخال شريط ووضع عينة دم صغيرة وقراءة نتيجة سكر الدم على الشاشة الكبيرة. يتناسب مع معايير الدقة والجودة ISO. يتميز أنه صناعة ألمانية. مناسب للاستخدام الذاتي دون الحاجة إلى المساعدة. إمكانية الحصول على اختبار خالي من الألم باستخدام قلم وخز أكيوتشيك سوفت كليكس. يتم إيقاف تشغيل الجهاز تلقائياً بعد 5 ثواني من إزالة شريط الاختبار.   عن هذا المنتج     مكونات جهاز اكيو تشيك انستانت لقياس السكر Accu-Chek Instant - Blood Glucose Meters: الجهاز . قلم شكاكة سوفت كليكس لتسهيل عملية الحصول على عينة. بطارية. شكاكات (سنون قلم سكر). علبة تحتوي على شرائط لقياس سكر. يوصي به:  الجهاز مناسب للكبار والأطفال حيث يعمل على توفير قياس دقيق لمستوى السكر في الدم في أقل من 4 ثواني، كما يتميز بالاحتفاظ بالنتائج لفترة تصل إلي 90 يوم وإمكانية قرائتها من خلال تطبيق mySugr ونقلها للهاتف عبر البلوتوث أو لجهاز الكمبيوتر الخاص عبر كابل USB.,ماركة: اكيو تشيك
48539,كيور ايد | بلاستر كالو | 17 شريط,cure aid cure aid corn cushions qzxv,67,EGP,No Brand,المستلزمات الطبية>الاسعافات الاولية,in stock,https://chefaa.com:443/eg-ar/nowProduct/cure-aid-cure-aid-corn-cushions-qzxv,https://cdn.chefaa.com/filters:format(webp)/public/uploads/products/cure-aid-cure-aid-corn-cushions-qzxv-01729160587.png,https://cdn.chefaa.com/filters:format(webp)/public/uploads/products/cure-aid-cure-aid-corn-cushions-qzxv-01729160587.png,مميزات المنتج   كيور ايد | بلاستر كالو | 17 شريط,raw_specs: المواصفات
386,سيلك بلاست | شريط حرير طبي لاصق | 10سم * 5سم,silkplast adhesive tape 10cm,97,EGP,No Brand,المستلزمات الطبية>الاسعافات الاولية,in stock,https://chefaa.com:443/eg-ar/nowProduct/silkplast-adhesive-tape-10cm,https://cdn.chefaa.com/filters:format(webp)/public/uploads/products/silkplast-adhesive-tape-10cm-01654709487.png,https://cdn.chefaa.com/filters:format(webp)/public/uploads/products/silkplast-adhesive-tape-10cm-01654709487.png,مميزات المنتج   سيلك بلاست | شريط حرير طبي لاصق | 10سم * 5سم,raw_specs: المواصفات
18344,ساني سنستيف | بنطلون رقم 2 متوسط | 14قطعة,sani sensitive pants medium 14pcs fyna,500,EGP,No Brand,المستلزمات الطبية>,in stock,https://chefaa.com:443/eg-ar/nowProduct/sani-sensitive-pants-no-2-medium-14pcs-fyna,https://cdn.chefaa.com/filters:format(webp)/public/uploads/products/sani-sensitive-pants-no-2-medium-14pcs-z3aj-01653494569.png,https://cdn.chefaa.com/filters:format(webp)/public/uploads/products/sani-sensitive-pants-no-2-medium-14pcs-z3aj-01653494569.png,عن هذا المنتج     ساني سنستيف | بنطلون رقم 2 متوسط | 14قطعة,raw_specs: المواصفات
56949,كانيولا ازرق | 22ج,canula blue 22g rooc,12.5,EGP,No Brand,المستلزمات الطبية>,in stock,https://chefaa.com:443/eg-ar/nowProduct/canula-blue-22g-rooc,https://cdn.chefaa.com/filters:format(webp)/public/uploads/products/canula-blue-22g-9flj-01734614481.png,https://cdn.chefaa.com/filters:format(webp)/public/uploads/products/canula-blue-22g-9flj-01734614481.png,مميزات المنتج   كانيولا ازرق | 22ج,raw_specs: المواصفات
62022,هاى ميديك | رباط ضاغط | 12سم,medic compression bandage 12cm 7ylf,25,EGP,No Brand,المستلزمات الطبية>الاسعافات الاولية,in stock,https://chefaa.com:443/eg-ar/nowProduct/hi-medic-compression-bandage-12cm-7ylf,https://cdn.chefaa.com/filters:format(webp)/public/uploads/products/hi-medic-compression-bandage-12cm-klw2-01752149309.png,https://cdn.chefaa.com/filters:format(webp)/public/uploads/products/hi-medic-compression-bandage-12cm-klw2-01752149309.png,مميزات المنتج   هاى ميديك | رباط ضاغط | 12سم,raw_specs: المواصفات
20672,سيلك بلاست | بلاستر | 2.5سم | 5قطع,silkplast plaster 25cm 5pcs vuuq,28,EGP,No Brand,المستلزمات الطبية>,in stock,https://chefaa.com:443/eg-ar/nowProduct/silkplast-plaster-25cm-5pcs-vuuq,https://cdn.chefaa.com/filters:format(webp)/public/uploads/products/silkplast-plaster-25cm-5pcs-vuuq-01720454051.png,https://cdn.chefaa.com/filters:format(webp)/public/uploads/products/silkplast-plaster-25cm-5pcs-vuuq-01720454051.png,مميزات المنتج   سيلك بلاست | بلاستر | 2.5سم | 5قطع,raw_specs: المواصفات
53774,تراي إم | شريط 10*25 سم | 1 قطعة,trim strip picesgHtf,6,EGP,No Brand,المستلزمات الطبية>,in stock,https://chefaa.com:443/eg-ar/nowProduct/trim-strip-1025-20-picesgHtf,https://cdn.chefaa.com/filters:format(webp)/public/uploads/products/trim-strip-1025-20-picesghtf-01751377694.png,https://cdn.chefaa.com/filters:format(webp)/public/uploads/products/trim-strip-1025-20-picesghtf-01751377694.png,مميزات المنتج   تراي إم | شريط 10*25 سم | 1 قطعة,raw_specs: المواصفات
48986,جريس | شفاط انف بيبى جودى,grace nasal aspirator f5bz,320,EGP,No Brand,المستلزمات الطبية>الاسعافات الاولية,in stock,https://chefaa.com:443/eg-ar/nowProduct/grace-nasal-aspirator-f5bz,https://cdn.chefaa.com/filters:format(webp)/public/uploads/products/grace-nasal-aspirator-96fe-01728902720.png,https://cdn.chefaa.com/filters:format(webp)/public/uploads/products/grace-nasal-aspirator-96fe-01728902720.png,مميزات المنتج   جريس | شفاط انف بيبى جودى,raw_specs: المواصفات
5424,سويتال | سكر دايت 1جم | 75 كيس,sweetal sachets 1gm,85,EGP,هايجينت للادوية - مصر,المستلزمات الطبية>العناية بالسكري,in stock,https://chefaa.com:443/eg-ar/nowProduct/sweetal-75-sachets-1gm,https://cdn.chefaa.com/filters:format(webp)/public/uploads/products/1632118317sweetal-75-sachets-1-gmpng,https://cdn.chefaa.com/filters:format(webp)/public/uploads/products/1632118317sweetal-75-sachets-1-gmpng,مميزات المنتج   سويتال | سكر دايت 1جم | 75 كيس   عن هذا المنتج     :  سويتال للقهوة والشاي والمشروبات. مناسب للطبخ والخَبز. لا طعم. تذوق جديد رائع. خالي من السكر. خالي من الأسبرتام خالي من السكرين  خالي من السيكلامات  خالي من المواد الحافظة. تركيبة فريدة - مضمونة الجودة.,ماركة: هايجينت للادوية - مصر
46253,موزن | سكر ستيفيا | 30كيس | 2جم,mozn sukker stevia 30sachets 2gm vjub_duouWbgN,75,EGP,ستيفيا,المستلزمات الطبية>العناية بالسكري,in stock,https://chefaa.com:443/eg-ar/nowProduct/mozn-sukker-stevia-30sachets-2gm-vjub_duouWbgN,https://cdn.chefaa.com/filters:format(webp)/public/uploads/products/mozn-sukker-stevia-30sachets-2gm-vjub-01721292723.png,https://cdn.chefaa.com/filters:format(webp)/public/uploads/products/mozn-sukker-stevia-30sachets-2gm-vjub-01721292723.png,عن هذا المنتج     موزن | سكر ستيفيا | 30كيس | 2جم,ماركة: ستيفيا
21070,ساني | بنطلون حساس متوسط رقم 2 بالغين | 24 قطعة,sani sensitive pants medium no2 enilikon hnov,770,EGP,ساني,المستلزمات الطبية>,in stock,https://chefaa.com:443/eg-ar/nowProduct/sani-sensitive-pants-medium-no2-enilikon-24-hnov,https://cdn.chefaa.com/filters:format(webp)/public/uploads/products/sani-sensitive-pants-medium-no2-enilikon-24-w1vg-01655987671.png,https://cdn.chefaa.com/filters:format(webp)/public/uploads/products/sani-sensitive-pants-medium-no2-enilikon-24-w1vg-01655987671.png,عن هذا المنتج     ساني | بنطلون حساس متوسط رقم 2 بالغين |  24 قطعة,ماركة: ساني
56171,بيك | إبر قلم الأنسولين إنسوبين 6ملم | 100 قطعة,pic insupen insulin pen needles 6mm 100pE4FY,600,EGP,No Brand,المستلزمات الطبية>,in stock,https://chefaa.com:443/eg-ar/nowProduct/pic-insupen-insulin-pen-needles-6mm-100pE4FY,https://cdn.chefaa.com/filters:format(webp)/public/uploads/products/pic-insupen-insulin-pen-needles-6mm-100pe4fy-01734110089.png,https://cdn.chefaa.com/filters:format(webp)/public/uploads/products/pic-insupen-insulin-pen-needles-6mm-100pe4fy-01734110089.png,مميزات المنتج   بيك | إبر قلم الأنسولين إنسوبين 6ملم | 100 قطعة,raw_specs: المواصفات
53106,بيرفكتا بيانكا | شرائط فحص نسبة السكر في الدم | 50 شريط,perfecta bianca blood glucose test strips1IXC,400,EGP,No Brand,المستلزمات الطبية>العناية بالسكري,in stock,https://chefaa.com:443/eg-ar/nowProduct/perfecta-bianca-50-blood-glucose-test-strips1IXC,https://cdn.chefaa.com/filters:format(webp)/public/uploads/products/perfecta-bianca-50-blood-glucose-test-strips1ixc-01735741330.png,https://cdn.chefaa.com/filters:format(webp)/public/uploads/products/perfecta-bianca-50-blood-glucose-test-strips1ixc-01735741330.png,مميزات المنتج   بيرفكتا بيانكا | شرائط فحص نسبة السكر في الدم | 50 شريط,raw_specs: المواصفات
46363,سانداكير | أدورا شرائط اختبار السكر بالدم | 50 شريط,sandacare adura test strips blood glucose strips kepd_duaa6D0a,550,EGP,ناس كير,المستلزمات الطبية>العناية بالسكري,in stock,https://chefaa.com:443/eg-ar/nowProduct/sandacare-adura-test-strips-blood-glucose-50-strips-kepd_duaa6D0a,https://cdn.chefaa.com/filters:format(webp)/public/uploads/products/sandacare-adura-test-strips-blood-glucose-50-strips-fs8n-01700987354.png,https://cdn.chefaa.com/filters:format(webp)/public/uploads/products/sandacare-adura-test-strips-blood-glucose-50-strips-fs8n-01700987354.png,مميزات المنتج   ٥٠ شرائط اختبار نسبة الجلوكوز في الدم لجهاز قياس السكر بالدم سانداكير أدورا,ماركة: ناس كير
51518,DULOXIFUTAL 60 MG 30 CAPS,duloxifutal capsz5a3,297,EGP,No Brand,المستلزمات الطبية>,in stock,https://chefaa.com:443/eg-ar/nowProduct/duloxifutal-60-mg-30-capsz5a3,https://cdn.chefaa.com/filters:format(webp)/public/uploads/products/duloxifutal-60-mg-30-capsz5a3-01732040208.png,https://cdn.chefaa.com/filters:format(webp)/public/uploads/products/duloxifutal-60-mg-30-capsz5a3-01732040208.png,مميزات المنتج   دولوكسيفيوتال 60 مجم 30 كبسولة,raw_specs: المواصفات
53775,تراي إم | شريط 10*30 سم | 1 قطعة,trim strip pcs20GivA,8,EGP,No Brand,المستلزمات الطبية>,in stock,https://chefaa.com:443/eg-ar/nowProduct/trim-strip-1030-1-pcs20GivA,https://cdn.chefaa.com/filters:format(webp)/public/uploads/products/trim-strip-1030-1-pcs20giva-01735486280.png,https://cdn.chefaa.com/filters:format(webp)/public/uploads/products/trim-strip-1030-1-pcs20giva-01735486280.png,مميزات المنتج   تراي إم | شريط 10*30 سم | 1 قطعة,raw_specs: المواصفات
47965,بيك سدادة سيليكون للأذن ضد الماء | 6قطع,pic waterproof silicone earplugs 6pcs esgf_duv4T2lC,210,EGP,No Brand,المستلزمات الطبية>,in stock,https://chefaa.com:443/eg-ar/nowProduct/pic-waterproof-silicone-earplugs-6pcs-esgf_duv4T2lC,https://cdn.chefaa.com/filters:format(webp)/public/uploads/products/pic-waterproof-silicone-earplugs-6pcs-dp4g-01727001388.png,https://cdn.chefaa.com/filters:format(webp)/public/uploads/products/pic-waterproof-silicone-earplugs-6pcs-dp4g-01727001388.png,مميزات المنتج   بيك سدادة سيليكون للأذن ضد الماء | 6قطع,raw_specs: المواصفات
18212,فاين كير | حفاضات صحية للجنسين ميديم لكبار السن المرضى بسلس البول مقاس وسط | 40 قطعة,fine care incontinence unisex adult briefs medium 44pcs zemr,520,EGP,فاين,المستلزمات الطبية>التبول اللاإرادي,in stock,https://chefaa.com:443/eg-ar/nowProduct/fine-care-incontinence-unisex-adult-briefs-medium-44pcs-zemr,https://cdn.chefaa.com/filters:format(webp)/public/uploads/products/fine-care-incontinence-unisex-adult-briefs-medium-44pcs-zemr-01763375786.png,https://cdn.chefaa.com/filters:format(webp)/public/uploads/products/fine-care-incontinence-unisex-adult-briefs-medium-44pcs-zemr-01763375786.png,مميزات المنتج   فاين كير | حفاضات صحية للجنسين ميديم لكبار السن المرضى بسلس البول مقاس وسط | 40 قطعة,ماركة: فاين
60686,كانيولا اصفر | 24ج,canula yellow 24g tkdq,14,EGP,No Brand,المستلزمات الطبية>,in stock,https://chefaa.com:443/eg-ar/nowProduct/canula-yellow-24g-tkdq,https://cdn.chefaa.com/filters:format(webp)/public/uploads/products/canula-yellow-24g-vgtb-01740477765.png,https://cdn.chefaa.com/filters:format(webp)/public/uploads/products/canula-yellow-24g-vgtb-01740477765.png,مميزات المنتج   كانيولا اصفر | 24ج,raw_specs: المواصفات
45530,فاين كير | للجنسين عبوة كبيرة وبمقاس كبيرة لارج لسلس البول مقاس الخصر | 30 قطعة,fine care incontinence unisex briefs mega pack large waist 36pcs kliq k1po_du4bBncd,600,EGP,فاين,المستلزمات الطبية>التبول اللاإرادي,in stock,https://chefaa.com:443/eg-ar/nowProduct/fine-care-incontinence-unisex-briefs-mega-pack-large-waist-36pcs-kliq-k1po_du4bBncd,https://cdn.chefaa.com/filters:format(webp)/public/uploads/products/fine-care-incontinence-unisex-briefs-mega-pack-large-waist-36pcs-kliq-k1po-01716880853.png,https://cdn.chefaa.com/filters:format(webp)/public/uploads/products/fine-care-incontinence-unisex-briefs-mega-pack-large-waist-36pcs-kliq-k1po-01716880853.png,مميزات المنتج   فاين كير | للجنسين عبوة كبيرة وبمقاس كبيرة لارج لسلس البول مقاس الخصر | 30 قطعة,ماركة: فاين
47162,سويتال | سكر دايت ستيكس - 1جم | 25 قطعة,sweetal sticks diet sugar 1gm sticks gpa9,35,EGP,No Brand,المستلزمات الطبية>العناية بالسكري,in stock,https://chefaa.com:443/eg-ar/nowProduct/sweetal-sticks-diet-sugar-1gm-25-sticks-gpa9,https://cdn.chefaa.com/filters:format(webp)/public/uploads/products/sweetal-sticks-diet-sugar-1gm-25-sticks-xscv-01726059682.png,https://cdn.chefaa.com/filters:format(webp)/public/uploads/products/sweetal-sticks-diet-sugar-1gm-25-sticks-xscv-01726059682.png,مميزات المنتج   سويتال | سكر دايت ستيكس - 1جم | 25 قطعة,raw_specs: المواصفات
56952,كانيولا رمادي | 16ج,canula grey 16g a1sk,20,EGP,No Brand,المستلزمات الطبية>,in stock,https://chefaa.com:443/eg-ar/nowProduct/canula-grey-16g-a1sk,https://cdn.chefaa.com/filters:format(webp)/public/uploads/products/canula-grey-16g-nuhn-01734614785.png,https://cdn.chefaa.com/filters:format(webp)/public/uploads/products/canula-grey-16g-nuhn-01734614785.png,مميزات المنتج   كانيولا رمادي | 16ج,raw_specs: المواصفات
141,اكيو تشيك بريفورما شرائط قياس سكر,accu chek performa diabetes test strips strips,630,EGP,اكيو تشيك,المستلزمات الطبية>,in stock,https://chefaa.com:443/eg-ar/nowProduct/accu-chek-performa-diabetes-test-strips-50-strips,https://cdn.chefaa.com/filters:format(webp)/public/uploads/products/HwUbgwPohnIw75nrAQzCmtk4b9MQ5qGWTQe9JU0E.jpeg,https://cdn.chefaa.com/filters:format(webp)/public/uploads/products/HwUbgwPohnIw75nrAQzCmtk4b9MQ5qGWTQe9JU0E.jpeg,مميزات المنتج   اكيو تشيك بريفورما شرائط قياس سكر   عن هذا المنتج     ﻿ ﻿,ماركة: اكيو تشيك
51330,كيور ايد | كلير | 20قطعة,cureaid plaster clear assorted pcspnnd,33,EGP,No Brand,المستلزمات الطبية>,in stock,https://chefaa.com:443/eg-ar/nowProduct/cureaid-plaster-clear-assorted-20-pcspnnd,https://cdn.chefaa.com/filters:format(webp)/public/uploads/products/cureaid-plaster-clear-assorted-20-pcspnnd-01734650644.png,https://cdn.chefaa.com/filters:format(webp)/public/uploads/products/cureaid-plaster-clear-assorted-20-pcspnnd-01734650644.png,مميزات المنتج   كيور ايد | كلير | 20قطعة,raw_specs: المواصفات
46734,ستيري ستريب | أغطية لاصقة معززة للجلد R1541,steri strip reinforced adhesive skin closures r1541 cm6o,100,EGP,No Brand,المستلزمات الطبية>الاسعافات الاولية,in stock,https://chefaa.com:443/eg-ar/nowProduct/steri-strip-reinforced-adhesive-skin-closures-r1541-cm6o,https://cdn.chefaa.com/filters:format(webp)/public/uploads/products/steri-strip-reinforced-adhesive-skin-closures-r1541-wlhp-01725721859.png,https://cdn.chefaa.com/filters:format(webp)/public/uploads/products/steri-strip-reinforced-adhesive-skin-closures-r1541-wlhp-01725721859.png,مميزات المنتج   ستيري ستريب | أغطية لاصقة معززة للجلد R1541   عن هذا المنتج     ستيري ستريب | أغطية لاصقة معززة للجلد R1541,raw_specs: المواصفات
46260,حفاضات ساني لكبار السن مقاس XXL كبير جداً | 14 قطعة,sani sensitive shorts for the elderly xxl 14pcs x91k_duqnq84R,600,EGP,ساني,المستلزمات الطبية>التبول اللاإرادي,in stock,https://chefaa.com:443/eg-ar/nowProduct/sani-sensitive-shorts-for-the-elderly-xxl-14pcs-x91k_duqnq84R,https://cdn.chefaa.com/filters:format(webp)/public/uploads/products/sani-sensitive-shorts-for-the-elderly-xxl-14pcs-evbp-01671558938.png,https://cdn.chefaa.com/filters:format(webp)/public/uploads/products/sani-sensitive-shorts-for-the-elderly-xxl-14pcs-evbp-01671558938.png,مميزات المنتج   تتميز حفاضات كبار السن ساني بما يلي: لها تصميم مبتكر يوفر حماية فعالة ضد التسرب، مما يمنح الراحة والثقة للأشخاص الذين يعانون من مشاكل السلس البولي. تتميز بالملمس الناعم الذي يزيد من الراحة والملاءمة للارتداء اليومي.  تمتص السوائل بسرعة وتحافظ على الجفاف لفترة طويلة. تحتوي على مواد لطيفة على البشرة تقلل من احتمالية التهيج والحساسية. لها تصميم سهل الاستخدام يجعل وضع الحفاض وخلعه سريعًا ومريحًا. تمنع الروائح الكريهة لمدة تدوم حتى 8 ساعات. سعر حفاضات كبار السن ساني مناسب مقارنة بحجمها وفعاليتها.   عن هذا المنتج     مم تتكون حفاضات كبار السن ساني؟  تتكون حفاضات ساني من:  طبقات حماية فائقة الامتصاص.  تكنولوجيا لمنع الروائح الكريهة.  مزودة بالصبار وفيتامين ه للحماية من الالتهابات والحساسية.  حجم Sani pads   تتوفر Sani pads على هيئة عبوة تحتوي على 14 أو 20 قطعة.  سعر حفاضات كبار السن ساني   يتراوح سعر Sani pads ما بين 410 إلى 600 جنيه مصري.  يوصى باستعمال حفاضات كبار السن ساني ل  حفاضات ساني مناسبة لكبار السن ممن يعانون من السلس البولي أو غيره، فهي مصنوعة بجودة عالية وناعمة على الجلد كما توفر قدرة عالية على امتصاص السوائل بالإضافة إلى مرونتها وتكيفها مع شكل الجسم مما يوفر المزيد من الأمان والراحة.  ما أفضل سعر حفاضات كبار السن؟  يختلف سعر حفاضات كبار السن تبعاً للحجم والمقاس:  حفاضات فاين يبدأ سعرها بحوالي 170 جنيه مصري.  حفاضات ريلاكس يبدأ السعر بحوالي 150 جنيه مصري.  حفاضات جيرماني سبدأ السعر بحوالي 107 جنيه مصري.  حفاضات ساني يبدأ سعرها بحوالي 340 جنيه مصري.,ماركة: ساني
18213,وان تاتش سيليكت بلس شرائط لقياس نسبة السكر في الدم | 50 شريط,one touch select plus blood glucose strips 50pcs 2swt,560,EGP,وان تاتش,المستلزمات الطبية>,in stock,https://chefaa.com:443/eg-ar/nowProduct/one-touch-select-plus-blood-glucose-strips-50pcs-2swt,https://cdn.chefaa.com/filters:format(webp)/public/uploads/products/one-touch-select-plus-blood-glucose-strips-50pcs-2swt-01675589560.png,https://cdn.chefaa.com/filters:format(webp)/public/uploads/products/one-touch-select-plus-blood-glucose-strips-50pcs-2swt-01675589560.png,مميزات المنتج   تتميز أنها سهلة الاستخدام. تتميز بجودتها ودقة نتائجها. يمتد الحاجز الواقي الشفاف بطول شريط الاختبار بالكامل لحماية مكان العينة من التلوث. تتميز أنها صغيرة الحجم ومصنوعة من خامات عالية الجودة. تحتاج الشرائط إلى عينة دم قليلة لتحديد مستوى السكر في الدم. تتوافق شرائط تحليل السكر مع تكنولوجيا سحب العينة التلقائي. مناسبة للاستخدام الذاتي دون الحاجة إلى المساعدة. تتميز شرائط تحليل السكر بأنها معقمة وجاهزة للاستخدام. مناسبة لجميع الأعمار. مناسبة لمجموعة أجهزة  وان تاتش سيليكت بلس One Touch Select Plus لقياس السكر. لا تحتوي على حواف حادة ويمكن استخدامها من قبل كل الأعمار.   عن هذا المنتج     مكونات وان تاتش سيليكت بلس شرائط لقياس نسبة السكر  One Touch Select Plus Test Strips: عبوة تحتوي على 50 شريط. يوصي به: شرائط وان تاتش سيليكت بلس مناسبة لمجموعة أجهزة وان تاتش سيليكت بلس One Touch Select Plus لقياس السكر وتتميز بجودتها ودقتها العالية.,ماركة: وان تاتش
56080,كيس جمع بول للاطفال | 100مل,paediatric urine collectorXm8E,12,EGP,No Brand,المستلزمات الطبية>التبول اللاإرادي,in stock,https://chefaa.com:443/eg-ar/nowProduct/paediatric-urine-collectorXm8E,https://cdn.chefaa.com/filters:format(webp)/public/uploads/products/paediatric-urine-collectorxm8e-01758390264.png,https://cdn.chefaa.com/filters:format(webp)/public/uploads/products/paediatric-urine-collectorxm8e-01758390264.png,مميزات المنتج   كيس جمع بول للاطفال | 100مل,raw_specs: المواصفات
62023,هاى ميديك | رباط ضاغط | 10سم,medic compression bandage 10cm zqtl,20,EGP,No Brand,المستلزمات الطبية>الاسعافات الاولية,in stock,https://chefaa.com:443/eg-ar/nowProduct/hi-medic-compression-bandage-10cm-zqtl,https://cdn.chefaa.com/filters:format(webp)/public/uploads/products/hi-medic-compression-bandage-10cm-ygfl-01752149443.png,https://cdn.chefaa.com/filters:format(webp)/public/uploads/products/hi-medic-compression-bandage-10cm-ygfl-01752149443.png,مميزات المنتج   هاى ميديك | رباط ضاغط | 10سم,raw_specs: المواصفات
204,كونتور بلس | شرائط قياس سكر | 50 شريط,contour plus glucose test strips,620,EGP,No Brand,المستلزمات الطبية>,in stock,https://chefaa.com:443/eg-ar/nowProduct/contour-plus-glucose-test-50-strips,https://cdn.chefaa.com/filters:format(webp)/public/uploads/products/altrDKaxVZQcawiM13UNygllReot7Lkyy5AhcN2K.jpeg,https://cdn.chefaa.com/filters:format(webp)/public/uploads/products/altrDKaxVZQcawiM13UNygllReot7Lkyy5AhcN2K.jpeg,مميزات المنتج   كونتور بلس | شرائط قياس سكر | 50 شريط   عن هذا المنتج     ﻿ ﻿ شرائط تحليل السكر الخاصة بجهاز كونتور بلص,raw_specs: المواصفات
51327,كيور ايد | سينسيتيف | 20قطعه,cure aid sensitiveJZSV,33,EGP,No Brand,المستلزمات الطبية>,in stock,https://chefaa.com:443/eg-ar/nowProduct/cure-aid-sensitiveJZSV,https://cdn.chefaa.com/filters:format(webp)/public/uploads/products/cure-aid-sensitivejzsv-01734650925.png,https://cdn.chefaa.com/filters:format(webp)/public/uploads/products/cure-aid-sensitivejzsv-01734650925.png,مميزات المنتج   كيور ايد | سينسيتيف | 20قطعه,raw_specs: المواصفات
47204,فاين | كير حفاضات مقاس كبير | 16قطعة,fine care incontinence adult diaper brief large 16pcs msjw,300,EGP,فاين,المستلزمات الطبية>التبول اللاإرادي,in stock,https://chefaa.com:443/eg-ar/nowProduct/fine-care-incontinence-adult-diaper-brief-large-16pcs-msjw,https://cdn.chefaa.com/filters:format(webp)/public/uploads/products/fine-care-incontinence-adult-diaper-brief-large-16pcs-uil5-01726088080.png,https://cdn.chefaa.com/filters:format(webp)/public/uploads/products/fine-care-incontinence-adult-diaper-brief-large-16pcs-uil5-01726088080.png,مميزات المنتج   فاين | كير حفاضات مقاس كبير | 16قطعة,ماركة: فاين
63320,بلانت هيلث | مجموعة اكسسوارات جهاز الاستنشاق,planet health nebulizer accessories kit 5sfj,170,EGP,No Brand,المستلزمات الطبية>اجهزة مساعدات التنفس,in stock,https://chefaa.com:443/eg-ar/nowProduct/planet-health-nebulizer-accessories-kit-5sfj,https://cdn.chefaa.com/filters:format(webp)/public/uploads/products/planet-health-nebulizer-accessories-kit-mgfp-01764761544.png,https://cdn.chefaa.com/filters:format(webp)/public/uploads/products/planet-health-nebulizer-accessories-kit-mgfp-01764761544.png,,
47848,بيك سوليوشن ديليكت لصاقة بلاستر للولاد | 24قطعة,pic solution delicate plaster girl medium 24pcs yfj2_dugJSr3J,99,EGP,No Brand,المستلزمات الطبية>,in stock,https://chefaa.com:443/eg-ar/nowProduct/pic-solution-delicate-plaster-girl-medium-24pcs-yfj2_dugJSr3J,https://cdn.chefaa.com/filters:format(webp)/public/uploads/products/pic-solution-delicate-plaster-girl-medium-24pcs-yfj2-dugjsr3j-01726918498.png,https://cdn.chefaa.com/filters:format(webp)/public/uploads/products/pic-solution-delicate-plaster-girl-medium-24pcs-yfj2-dugjsr3j-01726918498.png,مميزات المنتج   بيك سوليوشن ديليكت لصاقة بلاستر للولاد | 24قطعة,raw_specs: المواصفات
21273,فاين تست | شرائط اختبار جلوكوز الدم سي 26 | 50 شرائط,fine test blood glucose test strips s249,550,EGP,فاين تيست,المستلزمات الطبية>,in stock,https://chefaa.com:443/eg-ar/nowProduct/fine-test-blood-glucose-test-strips-50-s249,https://cdn.chefaa.com/filters:format(webp)/public/uploads/products/fine-test-blood-glucose-test-strips-50-oxuk-01656436230.png,https://cdn.chefaa.com/filters:format(webp)/public/uploads/products/fine-test-blood-glucose-test-strips-50-oxuk-01656436230.png,عن هذا المنتج     فاين تست | شرائط اختبار جلوكوز الدم سي 26 | 50 شرائط,ماركة: فاين تيست
50219,ثرى ام | ستري استريب بلاستر غرز 38مل × 6مل اخضر 1542,steri strip reinforced skin closures 38ml x6ml green 2y8e_duvrGOH8,99,EGP,ثرى ام,المستلزمات الطبية>العناية بالسكري,in stock,https://chefaa.com:443/eg-ar/nowProduct/3m-steri-strip-reinforced-skin-closures-38ml-x6ml-green-2y8e_duvrGOH8,https://cdn.chefaa.com/filters:format(webp)/public/uploads/products/3m-steri-strip-reinforced-skin-closures-38ml-x6ml-green-thdy-01687164758.png,https://cdn.chefaa.com/filters:format(webp)/public/uploads/products/3m-steri-strip-reinforced-skin-closures-38ml-x6ml-green-thdy-01687164758.png,مميزات المنتج   ثرى ام | ستري استريب بلاستر غرز 38مل × 6مل اخضر 1542,ماركة: ثرى ام
47874,بيك أكوا بلوك بلاستر روند | 20قطع,pic solution delicate plaster girl medium 24pcs yfj2_dugJSr3J_duCiSnkx_du3VW0tj_duciOPc1_du2zF53X_duKoub1u_du2Zfh2Y,99,EGP,No Brand,المستلزمات الطبية>,in stock,https://chefaa.com:443/eg-ar/nowProduct/pic-solution-delicate-plaster-girl-medium-24pcs-yfj2_dugJSr3J_duCiSnkx_du3VW0tj_duciOPc1_du2zF53X_duKoub1u_du2Zfh2Y,https://cdn.chefaa.com/filters:format(webp)/public/uploads/products/pic-solution-delicate-plaster-girl-medium-24pcs-yfj2-dugjsr3j-ducisnkx-du3vw0tj-duciopc1-du2zf53x-dukoub1u-du2zfh2y-01726925635.png,https://cdn.chefaa.com/filters:format(webp)/public/uploads/products/pic-solution-delicate-plaster-girl-medium-24pcs-yfj2-dugjsr3j-ducisnkx-du3vw0tj-duciopc1-du2zf53x-dukoub1u-du2zfh2y-01726925635.png,مميزات المنتج   بيك أكوا بلوك بلاستر روند | 20قطع,raw_specs: المواصفات
50174,ثرى ام | ستري استريب بلاستر غرز 100مل × 12مل ازرق,steri strip reinforced skin closures 12ml x100ml blue lmlm_duKcT3X9,110,EGP,No Brand,المستلزمات الطبية>,in stock,https://chefaa.com:443/eg-ar/nowProduct/3m-steri-strip-reinforced-skin-closures-12ml-x100ml-blue-lmlm_duKcT3X9,https://cdn.chefaa.com/filters:format(webp)/public/uploads/products/3m-steri-strip-reinforced-skin-closures-12ml-x100ml-blue-w6ku-01687075925.png,https://cdn.chefaa.com/filters:format(webp)/public/uploads/products/3m-steri-strip-reinforced-skin-closures-12ml-x100ml-blue-w6ku-01687075925.png,عن هذا المنتج     ثرى ام | ستري استريب بلاستر غرز 100مل × 12مل ازرق,raw_specs: المواصفات
21262,ساني | بنطلون حساس صغير رقم 1 | 14 قطعة,sani sensitive pants no1 small 14pcs gekj,450,EGP,ساني,المستلزمات الطبية>,in stock,https://chefaa.com:443/eg-ar/nowProduct/sani-sensitive-pants-no1-small-14pcs-gekj,https://cdn.chefaa.com/filters:format(webp)/public/uploads/products/sani-sensitive-pants-no1-small-14pcs-ey69-01656434122.png,https://cdn.chefaa.com/filters:format(webp)/public/uploads/products/sani-sensitive-pants-no1-small-14pcs-ey69-01656434122.png,عن هذا المنتج     ساني | بنطلون حساس صغير رقم 1 | 14 قطعة,ماركة: ساني
50154,اون كول بلاس | شرائط سكر | 25شريط,call plus 25strips qjjl,175,EGP,No Brand,المستلزمات الطبية>,in stock,https://chefaa.com:443/eg-ar/nowProduct/on-call-plus-25strips-qjjl,https://cdn.chefaa.com/filters:format(webp)/public/uploads/products/on-call-plus-25strips-9nsf-01730836458.png,https://cdn.chefaa.com/filters:format(webp)/public/uploads/products/on-call-plus-25strips-9nsf-01730836458.png,مميزات المنتج   اون كول بلاس  | شرائط سكر | 25شريط,raw_specs: المواصفات
48978,جريس | سدادة اذن قطع مرنة سيلكون للاطفال | 12 قطعة,grace flexible earplugs for children pcs 7cpy,195,EGP,No Brand,المستلزمات الطبية>الاسعافات الاولية,in stock,https://chefaa.com:443/eg-ar/nowProduct/grace-flexible-earplugs-for-children-12-pcs-7cpy,https://cdn.chefaa.com/filters:format(webp)/public/uploads/products/grace-flexible-earplugs-for-children-12-pcs-sgqp-01728901761.png,https://cdn.chefaa.com/filters:format(webp)/public/uploads/products/grace-flexible-earplugs-for-children-12-pcs-sgqp-01728901761.png,مميزات المنتج   جريس | سدادة اذن قطع مرنة سيلكون للاطفال | 12 قطعة,raw_specs: المواصفات
45603,كواليتا | مناديل مبلله بغطاء | 72 منديل,qualita baby wipes wipes srdh_dulFwrHf,79,EGP,No Brand,المستلزمات الطبية>,in stock,https://chefaa.com:443/eg-ar/nowProduct/qualita-baby-wipes-72-wipes-srdh_dulFwrHf,https://cdn.chefaa.com/filters:format(webp)/public/uploads/products/qualita-baby-wipes-72-wipes-c0l7-01724771502.png,https://cdn.chefaa.com/filters:format(webp)/public/uploads/products/qualita-baby-wipes-72-wipes-c0l7-01724771502.png,مميزات المنتج   كواليتا | مناديل مبلله بغطاء | 72 منديل,raw_specs: المواصفات
48976,جريس | سدادة اذن قطع مرنة سيلكون للكبار | 6 قطع,grace flexible earplugs for adults pcs 7me9,170,EGP,No Brand,المستلزمات الطبية>الاسعافات الاولية,in stock,https://chefaa.com:443/eg-ar/nowProduct/grace-flexible-earplugs-for-adults-6-pcs-7me9,https://cdn.chefaa.com/filters:format(webp)/public/uploads/products/grace-flexible-earplugs-for-adults-6-pcs-ijce-01728901498.png,https://cdn.chefaa.com/filters:format(webp)/public/uploads/products/grace-flexible-earplugs-for-adults-6-pcs-ijce-01728901498.png,مميزات المنتج   جريس | سدادة اذن قطع مرنة سيلكون للكبار | 6 قطع,raw_specs: المواصفات
