product_id,name,price,currency,brand,description,availability,url,thumbnail_image,gallery_images,Category
200.0,EGP,Eva,Home > العطر > Back to العطر > AVUVA Cherry Blossom – معطر للجسم 253 مل,in stock,https://aldawaaegy.com/ar/collections/fragrance/products/eva-summer-twist-body-splash-240-ml,https://cdn.shopify.com/s/files/1/0566/6779/9603/files/eva-body-splash-summer-twist-240ml-3999042.webp?v=1762436844,https://cdn.shopify.com/s/files/1/0566/6779/9603/files/eva-body-splash-summer-twist-240ml-3999042.webp?v=1762436844,fragrance
130.0,EGP,Avuva,Home > العطر > معطر الجسم إيفا سمر تويست 240 مل > Back to العطر > AVUVA Cherry Blossom – معطر للجسم – 55 مل,sold out,https://aldawaaegy.com/ar/collections/fragrance/products/avuva-cherry-blossom-body-splash-253ml,https://cdn.shopify.com/s/files/1/0566/6779/9603/files/avuva-cherry-blossom-body-splash-253-ml-5725989.webp?v=1762437519,https://cdn.shopify.com/s/files/1/0566/6779/9603/files/avuva-cherry-blossom-body-splash-253-ml-5725989.webp?v=1762437519,fragrance
50.0,EGP,Avuva,Home > العطر > AVUVA Cherry Blossom – معطر للجسم 253 مل > Back to العطر > معطر الجسم فافيلين إنتو ذا وايلدز 250 مل,sold out,https://aldawaaegy.com/ar/collections/fragrance/products/avuva-cherry-blossom-body-splash-55-ml,https://cdn.shopify.com/s/files/1/0566/6779/9603/files/avuva-cherry-blossom-body-splash-55ml-7979364.jpg?v=1762439850,https://cdn.shopify.com/s/files/1/0566/6779/9603/files/avuva-cherry-blossom-body-splash-55ml-7979364.jpg?v=1762439850,fragrance
475.0,EGP,Favelin,Home > العطر > AVUVA Cherry Blossom – معطر للجسم – 55 مل > Back to العطر > معطر الجسم إيفا ريد جلامور 240 مل,sold out,https://aldawaaegy.com/ar/collections/fragrance/products/favelin-into-the-wilds-body-splash-250ml,https://cdn.shopify.com/s/files/1/0566/6779/9603/files/favelin-into-the-wilds-body-splash-250ml-4949457.png?v=1762437105,https://cdn.shopify.com/s/files/1/0566/6779/9603/files/favelin-into-the-wilds-body-splash-250ml-4949457.png?v=1762437105,fragrance
226.0,EGP,Eva,Home > العطر > معطر الجسم فافيلين إنتو ذا وايلدز 250 مل > Back to العطر > معطر الجسم إيفا جولد سبيل 240 مل,in stock,https://aldawaaegy.com/ar/collections/fragrance/products/eva-red-glamour-body-splash-240-ml,https://cdn.shopify.com/s/files/1/0566/6779/9603/files/eva-body-splash-red-glamour-240ml-3857315.webp?v=1762437546,https://cdn.shopify.com/s/files/1/0566/6779/9603/files/eva-body-splash-red-glamour-240ml-3857315.webp?v=1762437546,fragrance
200.0,EGP,Eva,Home > العطر > معطر الجسم إيفا ريد جلامور 240 مل > Back to العطر > AVUVA Vanilla Coconut – معطر للجسم – 55 مل,in stock,https://aldawaaegy.com/ar/collections/fragrance/products/eva-gold-spell-body-splash-240ml,https://cdn.shopify.com/s/files/1/0566/6779/9603/files/eva-body-splash-gold-spell-240ml-9659135.jpg?v=1762437219,https://cdn.shopify.com/s/files/1/0566/6779/9603/files/eva-body-splash-gold-spell-240ml-9659135.jpg?v=1762437219,fragrance
50.0,EGP,Avuva,Home > العطر > معطر الجسم إيفا جولد سبيل 240 مل > Back to العطر > AVUVA Passion fruit – معطر للجسم – 55 مل,in stock,https://aldawaaegy.com/ar/collections/fragrance/products/avuva-vanilla-coconut-body-splash-55-ml,https://cdn.shopify.com/s/files/1/0566/6779/9603/files/avuva-vanilla-coconut-body-splash-55ml-7629391.webp?v=1762438211,https://cdn.shopify.com/s/files/1/0566/6779/9603/files/avuva-vanilla-coconut-body-splash-55ml-7629391.webp?v=1762438211,fragrance
50.0,EGP,Avuva,Home > العطر > AVUVA Vanilla Coconut – معطر للجسم – 55 مل > Back to العطر > مان لوك معطر الجسم ميستيك بلو 150 مل,in stock,https://aldawaaegy.com/ar/collections/fragrance/products/avuva-passion-fruit-body-splash-55-ml,https://cdn.shopify.com/s/files/1/0566/6779/9603/files/avuva-passion-fruit-body-splash-55ml-6405208.webp?v=1762438218,https://cdn.shopify.com/s/files/1/0566/6779/9603/files/avuva-passion-fruit-body-splash-55ml-6405208.webp?v=1762438218,fragrance
140.0,EGP,Man Look,Home > العطر > AVUVA Passion fruit – معطر للجسم – 55 مل > Back to العطر > معطر جسم مود بالي 220 مل,in stock,https://aldawaaegy.com/ar/collections/fragrance/products/man-look-mystic-blue-body-fragrance-150-ml,https://cdn.shopify.com/s/files/1/0566/6779/9603/files/man-look-body-splash-men-mystic-blue-150ml-8886836.webp?v=1762439721,https://cdn.shopify.com/s/files/1/0566/6779/9603/files/man-look-body-splash-men-mystic-blue-150ml-8886836.webp?v=1762439721,fragrance
250.0,EGP,MOOD,Home > العطر > مان لوك معطر الجسم ميستيك بلو 150 مل > Back to العطر > معطر جسم إيفا كوزي دريم 240 مل,in stock,https://aldawaaegy.com/ar/collections/fragrance/products/mood-bali-body-splash-220ml,https://cdn.shopify.com/s/files/1/0566/6779/9603/files/mood-bali-body-splash-220ml-2026622.jpg?v=1762435053,https://cdn.shopify.com/s/files/1/0566/6779/9603/files/mood-bali-body-splash-220ml-2026622.jpg?v=1762435053,fragrance
206.0,EGP,Eva,Home > العطر > معطر جسم مود بالي 220 مل > Back to العطر > SOFICO MOONLIT BODY SPLASH 250ML,in stock,https://aldawaaegy.com/ar/collections/fragrance/products/eva-body-splash-cozy-dream-240ml,https://cdn.shopify.com/s/files/1/0566/6779/9603/files/eva-body-splash-cozy-dream-240ml-4579914.webp?v=1762440512,https://cdn.shopify.com/s/files/1/0566/6779/9603/files/eva-body-splash-cozy-dream-240ml-4579914.webp?v=1762440512,fragrance
250.0,EGP,SOFICO,Home > العطر > معطر جسم إيفا كوزي دريم 240 مل > Back to العطر > SOFICO COCONUT VANILLA BODY SPLASH 250ML,in stock,https://aldawaaegy.com/ar/collections/fragrance/products/sofico-moonlit-body-splash-250ml,https://cdn.shopify.com/s/files/1/0566/6779/9603/files/sofico-moonlit-body-splash-250ml-2993515.jpg?v=1779720186,https://cdn.shopify.com/s/files/1/0566/6779/9603/files/sofico-moonlit-body-splash-250ml-2993515.jpg?v=1779720186,fragrance
250.0,EGP,SOFICO,Home > العطر > SOFICO MOONLIT BODY SPLASH 250ML > Back to العطر > DILEK&BAHAR VELVET WHISPER BODY SPLASH 200ML,in stock,https://aldawaaegy.com/ar/collections/fragrance/products/sofico-coconut-vanilla-body-splash-250ml,https://cdn.shopify.com/s/files/1/0566/6779/9603/files/sofico-coconut-vanilla-body-splash-250ml-1072248.jpg?v=1779720188,https://cdn.shopify.com/s/files/1/0566/6779/9603/files/sofico-coconut-vanilla-body-splash-250ml-1072248.jpg?v=1779720188,fragrance
289.0,EGP,DILEK&BAHAR,Home > العطر > SOFICO COCONUT VANILLA BODY SPLASH 250ML > Back to العطر > DILEK&BAHAR WILD WAVE BODY SPLASH 200ML,in stock,https://aldawaaegy.com/ar/collections/fragrance/products/dilek-bahar-velvet-whisper-body-splash-200ml,https://cdn.shopify.com/s/files/1/0566/6779/9603/files/dilekbahar-velvet-whisper-body-splash-200ml-3809758.jpg?v=1768755906,https://cdn.shopify.com/s/files/1/0566/6779/9603/files/dilekbahar-velvet-whisper-body-splash-200ml-3809758.jpg?v=1768755906,fragrance
289.0,EGP,DILEK&BAHAR,Home > العطر > DILEK&BAHAR VELVET WHISPER BODY SPLASH 200ML > Back to العطر > DILEK&BAHAR WILD WAVE BODY SPLASH 120ML,in stock,https://aldawaaegy.com/ar/collections/fragrance/products/dilek-bahar-wild-wave-body-splash-200ml,https://cdn.shopify.com/s/files/1/0566/6779/9603/files/dilekbahar-wild-wave-body-splash-200ml-1932315.jpg?v=1768755907,https://cdn.shopify.com/s/files/1/0566/6779/9603/files/dilekbahar-wild-wave-body-splash-200ml-1932315.jpg?v=1768755907,fragrance
169.0,EGP,DILEK&BAHAR,Home > العطر > DILEK&BAHAR WILD WAVE BODY SPLASH 200ML > Back to العطر > DILEK&BAHAR VELVET WHISPER BODY SPLASH 120ML,sold out,https://aldawaaegy.com/ar/collections/fragrance/products/dilek-bahar-wild-wave-body-splash-120ml,https://cdn.shopify.com/s/files/1/0566/6779/9603/files/dilekbahar-wild-wave-body-splash-120ml-5819746.jpg?v=1768755906,https://cdn.shopify.com/s/files/1/0566/6779/9603/files/dilekbahar-wild-wave-body-splash-120ml-5819746.jpg?v=1768755906,fragrance
169.0,EGP,DILEK&BAHAR,Home > العطر > DILEK&BAHAR WILD WAVE BODY SPLASH 120ML > Back to العطر > MISS DIVA OLYMPYN BODY SPLASH 200ML,in stock,https://aldawaaegy.com/ar/collections/fragrance/products/dilek-bahar-velvet-whisper-body-splash-120ml,https://cdn.shopify.com/s/files/1/0566/6779/9603/files/dilekbahar-velvet-whisper-body-splash-120ml-9072832.jpg?v=1768755906,https://cdn.shopify.com/s/files/1/0566/6779/9603/files/dilekbahar-velvet-whisper-body-splash-120ml-9072832.jpg?v=1768755906,fragrance
350.0,EGP,MISS DIVA,Home > العطر > DILEK&BAHAR VELVET WHISPER BODY SPLASH 120ML > Back to العطر > MISS DIVA LOVELY SHINE BODY SPLASH 200ML,in stock,https://aldawaaegy.com/ar/collections/fragrance/products/miss-diva-olympyn-body-splash-200ml,https://cdn.shopify.com/s/files/1/0566/6779/9603/files/miss-diva-olympyn-body-splash-200ml-3358984.jpg?v=1767615905,https://cdn.shopify.com/s/files/1/0566/6779/9603/files/miss-diva-olympyn-body-splash-200ml-3358984.jpg?v=1767615905,fragrance
350.0,EGP,MISS DIVA,Home > العطر > MISS DIVA OLYMPYN BODY SPLASH 200ML > Back to العطر > MISS DIVA BLUE SKY BODY SPLASH 200ML,in stock,https://aldawaaegy.com/ar/collections/fragrance/products/miss-diva-lovely-shine-body-splash-200ml,https://cdn.shopify.com/s/files/1/0566/6779/9603/files/miss-diva-lovely-shine-body-splash-200ml-1225201.jpg?v=1767615905,https://cdn.shopify.com/s/files/1/0566/6779/9603/files/miss-diva-lovely-shine-body-splash-200ml-1225201.jpg?v=1767615905,fragrance
350.0,EGP,MISS DIVA,Home > العطر > MISS DIVA LOVELY SHINE BODY SPLASH 200ML > Back to العطر > MISS DIVA PINK RUSH BODY SPLASH 200ML,in stock,https://aldawaaegy.com/ar/collections/fragrance/products/miss-diva-blue-sky-body-splash-200ml,https://cdn.shopify.com/s/files/1/0566/6779/9603/files/miss-diva-blue-sky-body-splash-200ml-9061021.jpg?v=1767615905,https://cdn.shopify.com/s/files/1/0566/6779/9603/files/miss-diva-blue-sky-body-splash-200ml-9061021.jpg?v=1767615905,fragrance
350.0,EGP,MISS DIVA,Home > العطر > MISS DIVA BLUE SKY BODY SPLASH 200ML > Back to العطر > بيبي ميسيلار جل 90 مل + فيتامين سي أمب 2 مل,in stock,https://aldawaaegy.com/ar/collections/fragrance/products/miss-diva-pink-rush-body-splash-200ml,https://cdn.shopify.com/s/files/1/0566/6779/9603/files/miss-diva-pink-rush-body-splash-200ml-9039184.jpg?v=1767615905,https://cdn.shopify.com/s/files/1/0566/6779/9603/files/miss-diva-pink-rush-body-splash-200ml-9039184.jpg?v=1767615905,fragrance
90.0,EGP,Babe,Home > العطر > MISS DIVA PINK RUSH BODY SPLASH 200ML > Back to العطر > معطر الجسم مان لوك ميدنايت مليونير 150 مل,in stock,https://aldawaaegy.com/ar/collections/fragrance/products/babe-micellar-gel-90ml-vitamin-c-amp-2ml,https://cdn.shopify.com/s/files/1/0566/6779/9603/products/babe-micellar-gel-90mlvitamin-c-amp-2ml-8462443.webp?v=1762441123,https://cdn.shopify.com/s/files/1/0566/6779/9603/products/babe-micellar-gel-90mlvitamin-c-amp-2ml-8462443.webp?v=1762441123,fragrance
140.0,EGP,Man Look,Home > العطر > بيبي ميسيلار جل 90 مل + فيتامين سي أمب 2 مل > Back to العطر > معطر الجسم مان لوك بوس سيجنتشر 150 مل,in stock,https://aldawaaegy.com/ar/collections/fragrance/products/man-look-midnight-millionaire-body-fragrance-150-ml,https://cdn.shopify.com/s/files/1/0566/6779/9603/files/man-look-body-splash-men-midnight-150ml-5461451.webp?v=1762437906,https://cdn.shopify.com/s/files/1/0566/6779/9603/files/man-look-body-splash-men-midnight-150ml-5461451.webp?v=1762437906,fragrance
140.0,EGP,Man Look,Home > العطر > معطر الجسم مان لوك ميدنايت مليونير 150 مل > Back to العطر > معطر الجسم مان لوك بلاتينيوم جورو 150 مل,sold out,https://aldawaaegy.com/ar/collections/fragrance/products/man-look-boss-signature-body-fragrance-150-ml,https://cdn.shopify.com/s/files/1/0566/6779/9603/files/man-look-body-splash-men-boss-signature-150ml-5236209.webp?v=1762437553,https://cdn.shopify.com/s/files/1/0566/6779/9603/files/man-look-body-splash-men-boss-signature-150ml-5236209.webp?v=1762437553,fragrance
140.0,EGP,Man Look,Home > العطر > معطر الجسم مان لوك بوس سيجنتشر 150 مل > Back to العطر > معطر الجسم مان كود فيوجن 150 مل,in stock,https://aldawaaegy.com/ar/collections/fragrance/products/man-look-platinum-guru-body-fragrance-150-ml,https://cdn.shopify.com/s/files/1/0566/6779/9603/files/man-look-body-splash-men-platinum-guru-150ml-9186972.webp?v=1762436678,https://cdn.shopify.com/s/files/1/0566/6779/9603/files/man-look-body-splash-men-platinum-guru-150ml-9186972.webp?v=1762436678,fragrance
140.0,EGP,Man Look,Home > العطر > معطر الجسم مان لوك بلاتينيوم جورو 150 مل > Back to العطر > DOCTORZ ELSEXO ON FIRE SPLASH MEN 250ML,in stock,https://aldawaaegy.com/ar/collections/fragrance/products/man-code-fusion-body-fragrance-150-ml,https://cdn.shopify.com/s/files/1/0566/6779/9603/files/man-look-body-splash-men-code-fusion-150ml-3314379.webp?v=1762437502,https://cdn.shopify.com/s/files/1/0566/6779/9603/files/man-look-body-splash-men-code-fusion-150ml-3314379.webp?v=1762437502,fragrance
250.0,EGP,Doctorz,Home > العطر > معطر الجسم مان كود فيوجن 150 مل > Back to العطر > DOCTORZ ELSEXO TOUCH WOOD SPLASH WOMEN 250ML,in stock,https://aldawaaegy.com/ar/collections/fragrance/products/doctorz-elsexo-on-fire-splash-men-250ml,https://cdn.shopify.com/s/files/1/0566/6779/9603/files/doctorz-elsexo-on-fire-splash-men-250ml-8181897.jpg?v=1762194881,https://cdn.shopify.com/s/files/1/0566/6779/9603/files/doctorz-elsexo-on-fire-splash-men-250ml-8181897.jpg?v=1762194881,fragrance
250.0,EGP,Doctorz,Home > العطر > DOCTORZ ELSEXO ON FIRE SPLASH MEN 250ML > Back to العطر > DOCTORZ ELSEXO LOVE DOSE SPLASH WOMEN 250ML,in stock,https://aldawaaegy.com/ar/collections/fragrance/products/doctorz-elsexo-touch-wood-splash-women-250ml,https://cdn.shopify.com/s/files/1/0566/6779/9603/files/doctorz-elsexo-touch-wood-splash-women-250ml-1695789.jpg?v=1762434634,https://cdn.shopify.com/s/files/1/0566/6779/9603/files/doctorz-elsexo-touch-wood-splash-women-250ml-1695789.jpg?v=1762434634,fragrance
250.0,EGP,Doctorz,Home > العطر > DOCTORZ ELSEXO TOUCH WOOD SPLASH WOMEN 250ML > Back to العطر > DOCTORZ ELSEXO STAR DUST SPLASH WOMEN 250ML,in stock,https://aldawaaegy.com/ar/collections/fragrance/products/doctorz-elsexo-love-dose-splash-women-250ml,https://cdn.shopify.com/s/files/1/0566/6779/9603/files/doctorz-elsexo-love-dose-splash-women-250ml-7263580.jpg?v=1762434640,https://cdn.shopify.com/s/files/1/0566/6779/9603/files/doctorz-elsexo-love-dose-splash-women-250ml-7263580.jpg?v=1762434640,fragrance
250.0,EGP,Doctorz,Home > العطر > DOCTORZ ELSEXO LOVE DOSE SPLASH WOMEN 250ML > Back to العطر > DOCTORZ ELSEXO BLUE BLACK SPLASH MEN 250ML,in stock,https://aldawaaegy.com/ar/collections/fragrance/products/doctorz-elsexo-star-dust-splash-women-250ml,https://cdn.shopify.com/s/files/1/0566/6779/9603/files/doctorz-elsexo-star-dust-splash-women-250ml-4520052.jpg?v=1762434639,https://cdn.shopify.com/s/files/1/0566/6779/9603/files/doctorz-elsexo-star-dust-splash-women-250ml-4520052.jpg?v=1762434639,fragrance
250.0,EGP,Doctorz,Home > العطر > DOCTORZ ELSEXO STAR DUST SPLASH WOMEN 250ML > Back to العطر > DOCTORZ ELSEXO METAL SPLASH MEN 250ML,sold out,https://aldawaaegy.com/ar/collections/fragrance/products/doctorz-elsexo-blue-black-splash-men-250ml,https://cdn.shopify.com/s/files/1/0566/6779/9603/files/doctorz-elsexo-blue-black-splash-men-250ml-4408768.jpg?v=1762434639,https://cdn.shopify.com/s/files/1/0566/6779/9603/files/doctorz-elsexo-blue-black-splash-men-250ml-4408768.jpg?v=1762434639,fragrance
250.0,EGP,Doctorz,Home > العطر > DOCTORZ ELSEXO BLUE BLACK SPLASH MEN 250ML > Back to العطر > LILIANORA GLOW BODY SPLASH SEXY BOO 220ML,in stock,https://aldawaaegy.com/ar/collections/fragrance/products/doctorz-elsexo-metal-splash-men-250ml,https://cdn.shopify.com/s/files/1/0566/6779/9603/files/doctorz-elsexo-metal-splash-men-250ml-9009155.jpg?v=1762194874,https://cdn.shopify.com/s/files/1/0566/6779/9603/files/doctorz-elsexo-metal-splash-men-250ml-9009155.jpg?v=1762194874,fragrance
250.0,EGP,Lilianora Glow,Home > العطر > DOCTORZ ELSEXO METAL SPLASH MEN 250ML > Back to العطر > LILIANORA GLOW BODY SPLASH BADDIE KISS 220ML,in stock,https://aldawaaegy.com/ar/collections/fragrance/products/lilianora-glow-body-splash-sexy-boo-220ml,https://cdn.shopify.com/s/files/1/0566/6779/9603/files/lilianora-glow-body-splash-sexy-boo-220ml-9788305.jpg?v=1762434641,https://cdn.shopify.com/s/files/1/0566/6779/9603/files/lilianora-glow-body-splash-sexy-boo-220ml-9788305.jpg?v=1762434641,fragrance
250.0,EGP,Lilianora Glow,Home > العطر > LILIANORA GLOW BODY SPLASH SEXY BOO 220ML > Back to العطر > FLAIR SMOOTH BREEZE BODY SPLASH 250ML,in stock,https://aldawaaegy.com/ar/collections/fragrance/products/lilianora-glow-body-splash-baddie-kiss-220ml,https://cdn.shopify.com/s/files/1/0566/6779/9603/files/lilianora-glow-body-splash-baddie-kiss-220ml-4150390.jpg?v=1762434633,https://cdn.shopify.com/s/files/1/0566/6779/9603/files/lilianora-glow-body-splash-baddie-kiss-220ml-4150390.jpg?v=1762434633,fragrance
300.0,EGP,FLAIR,Home > العطر > LILIANORA GLOW BODY SPLASH BADDIE KISS 220ML > Back to العطر > مود لاتينو (لوشن للجسم ١٥٠+معطر للجسم ٢٢٠+كريم لليدين ٥٠),sold out,https://aldawaaegy.com/ar/collections/fragrance/products/flair-smooth-breeze-body-splash-250ml,https://cdn.shopify.com/s/files/1/0566/6779/9603/files/flair-smooth-breeze-body-splash-250ml-4355601.png?v=1762194880,https://cdn.shopify.com/s/files/1/0566/6779/9603/files/flair-smooth-breeze-body-splash-250ml-4355601.png?v=1762194880,fragrance
342.11,EGP,MOOD,Home > العطر > FLAIR SMOOTH BREEZE BODY SPLASH 250ML > Back to العطر > مود خليجي (لوشن للجسم ١٥٠+معطر للجسم ٢٢٠+كريم لليدين ٥٠),sold out,https://aldawaaegy.com/ar/collections/fragrance/products/mood-latino-body-lotion-150-body-splash-220-hand-cream-50,https://cdn.shopify.com/s/files/1/0566/6779/9603/files/mood-latino-body-lotion-150body-splash-220hand-cream-50-9818954.jpg?v=1762436158,https://cdn.shopify.com/s/files/1/0566/6779/9603/files/mood-latino-body-lotion-150body-splash-220hand-cream-50-9818954.jpg?v=1762436158,fragrance
342.11,EGP,MOOD,Home > العطر > مود لاتينو (لوشن للجسم ١٥٠+معطر للجسم ٢٢٠+كريم لليدين ٥٠) > Back to العطر > معطر الجسم فافلين نايت تشارم 125 مل,sold out,https://aldawaaegy.com/ar/collections/fragrance/products/mood-khaliji-body-lotion-150-body-splash-220-hand-cream-50,https://cdn.shopify.com/s/files/1/0566/6779/9603/files/mood-khaliji-body-lotion-150body-splash-220hand-cream-50-8014726.jpg?v=1762434969,https://cdn.shopify.com/s/files/1/0566/6779/9603/files/mood-khaliji-body-lotion-150body-splash-220hand-cream-50-8014726.jpg?v=1762434969,fragrance
375.0,EGP,Favelin,Home > العطر > مود خليجي (لوشن للجسم ١٥٠+معطر للجسم ٢٢٠+كريم لليدين ٥٠) > Back to العطر > معطر الجسم فافلين دايموند ستاردست 125 مل,sold out,https://aldawaaegy.com/ar/collections/fragrance/products/favelin-night-charm-body-splash-125ml,https://cdn.shopify.com/s/files/1/0566/6779/9603/files/favelin-night-charm-body-splash-125ml-2796508.jpg?v=1762436452,https://cdn.shopify.com/s/files/1/0566/6779/9603/files/favelin-night-charm-body-splash-125ml-2796508.jpg?v=1762436452,fragrance
375.0,EGP,Favelin,Home > العطر > معطر الجسم فافلين نايت تشارم 125 مل > Back to العطر > معطر الجسم فافيلين سبرينج بيتالز 125 مل,sold out,https://aldawaaegy.com/ar/collections/fragrance/products/favelin-diamond-stardust-body-splash-125ml,https://cdn.shopify.com/s/files/1/0566/6779/9603/files/favelin-diamond-stardust-body-splash-125ml-9168561.jpg?v=1762436036,https://cdn.shopify.com/s/files/1/0566/6779/9603/files/favelin-diamond-stardust-body-splash-125ml-9168561.jpg?v=1762436036,fragrance
375.0,EGP,Favelin,Home > العطر > معطر الجسم فافلين دايموند ستاردست 125 مل > Back to العطر > معطر الجسم فافيلين فيوليت تويست 250 مل,sold out,https://aldawaaegy.com/ar/collections/fragrance/products/favelin-spring-petals-body-splash-125ml,https://cdn.shopify.com/s/files/1/0566/6779/9603/files/favelin-spring-petals-body-splash-125ml-9178625.png?v=1762435921,https://cdn.shopify.com/s/files/1/0566/6779/9603/files/favelin-spring-petals-body-splash-125ml-9178625.png?v=1762435921,fragrance
475.0,EGP,Favelin,Home > العطر > معطر الجسم فافيلين سبرينج بيتالز 125 مل > Back to العطر > عطر كوكو شانيل مادموزيل 100 مل,sold out,https://aldawaaegy.com/ar/collections/fragrance/products/favelin-violet-twist-body-splash-250ml,https://cdn.shopify.com/s/files/1/0566/6779/9603/files/favelin-violet-twist-body-splash-250ml-1837299.png?v=1762436157,https://cdn.shopify.com/s/files/1/0566/6779/9603/files/favelin-violet-twist-body-splash-250ml-1837299.png?v=1762436157,fragrance
7020.0,EGP,COCO CHANEL,Home > العطر > معطر الجسم فافيلين فيوليت تويست 250 مل > Back to العطر > AVUVA Lady Madness – معطر للجسم – 55 مل,sold out,https://aldawaaegy.com/ar/collections/fragrance/products/coco-chanel-mademoiselle-parfume-100ml,https://cdn.shopify.com/s/files/1/0566/6779/9603/files/coco-chanel-mademoiselle-parfume-100ml-2729014.jpg?v=1762436581,https://cdn.shopify.com/s/files/1/0566/6779/9603/files/coco-chanel-mademoiselle-parfume-100ml-2729014.jpg?v=1762436581,fragrance
35.0,EGP,Avuva,Home > العطر > عطر كوكو شانيل مادموزيل 100 مل > Back to العطر > AVUVA معطر للجسم بنكهة المانجو والخوخ 253 مل,sold out,https://aldawaaegy.com/ar/collections/fragrance/products/avuva-lady-madness-body-splash-55-ml,https://cdn.shopify.com/s/files/1/0566/6779/9603/files/avuva-lady-madness-body-splash-55ml-1464681.jpg?v=1762439565,https://cdn.shopify.com/s/files/1/0566/6779/9603/files/avuva-lady-madness-body-splash-55ml-1464681.jpg?v=1762439565,fragrance
130.0,EGP,Avuva,Home > العطر > AVUVA Lady Madness – معطر للجسم – 55 مل > Back to العطر > AVUVA (فاكهة المقشر + فاكهة الرش),sold out,https://aldawaaegy.com/ar/collections/fragrance/products/avuva-mango-peach-body-splash-253ml,https://cdn.shopify.com/s/files/1/0566/6779/9603/files/avuva-mango-peach-body-splash-253ml-5121424.webp?v=1762437817,https://cdn.shopify.com/s/files/1/0566/6779/9603/files/avuva-mango-peach-body-splash-253ml-5121424.webp?v=1762437817,fragrance
150.0,EGP,Avuva,Home > العطر > AVUVA معطر للجسم بنكهة المانجو والخوخ 253 مل > Back to العطر > مجموعة AVUVA Floral (معطر للجسم + جل استحمام),sold out,https://aldawaaegy.com/ar/collections/fragrance/products/avuvascrub-fruit-splash-fruit,https://cdn.shopify.com/s/files/1/0566/6779/9603/files/avuvascrub-fruitsplash-fruit-1862846.jpg?v=1762438068,https://cdn.shopify.com/s/files/1/0566/6779/9603/files/avuvascrub-fruitsplash-fruit-1862846.jpg?v=1762438068,fragrance
172.0,EGP,Avuva,Home > العطر > AVUVA (فاكهة المقشر + فاكهة الرش) > Back to العطر > مجموعة AVUVA Passion fruit (معطر للجسم + جل استحمام),sold out,https://aldawaaegy.com/ar/collections/fragrance/products/avuva-floral-set-body-splash-shower-gel,https://cdn.shopify.com/s/files/1/0566/6779/9603/files/avuva-floralsplash-shower-gel-1449225.webp?v=1762438042,https://cdn.shopify.com/s/files/1/0566/6779/9603/files/avuva-floralsplash-shower-gel-1449225.webp?v=1762438042,fragrance
172.0,EGP,Avuva,Home > العطر > مجموعة AVUVA Floral (معطر للجسم + جل استحمام) > Back to العطر > واقي شمس AVUVA+معطر للجسم برائحة زهرة الكرز 235 مل,sold out,https://aldawaaegy.com/ar/collections/fragrance/products/avuva-passion-fruit-set-body-splash-shower-gel,https://cdn.shopify.com/s/files/1/0566/6779/9603/files/avuva-fruit-splash-shower-gel-4620464.webp?v=1762437811,https://cdn.shopify.com/s/files/1/0566/6779/9603/files/avuva-fruit-splash-shower-gel-4620464.webp?v=1762437811,fragrance
249.0,EGP,Avuva,Home > العطر > مجموعة AVUVA Passion fruit (معطر للجسم + جل استحمام) > Back to العطر > AVUVA Passion Fruit – معطر للجسم 253 مل,sold out,https://aldawaaegy.com/ar/collections/fragrance/products/avuva-sun-screen-body-splash-cherry-blossom-235ml,,,fragrance
155.0,EGP,Avuva,Home > العطر > واقي شمس AVUVA+معطر للجسم برائحة زهرة الكرز 235 مل > Back to العطر > معطر الجسم فافلين إنتو ذا وايلد 125 مل,sold out,https://aldawaaegy.com/ar/collections/fragrance/products/avuva-passion-fruit-body-splash-253ml,https://cdn.shopify.com/s/files/1/0566/6779/9603/files/avuva-passion-fruit-body-splash-253ml-8305211.webp?v=1762441397,https://cdn.shopify.com/s/files/1/0566/6779/9603/files/avuva-passion-fruit-body-splash-253ml-8305211.webp?v=1762441397,fragrance
375.0,EGP,Favelin,Home > العطر > AVUVA Passion Fruit – معطر للجسم 253 مل > Back to العطر > معطر جسم فافلين برائحة المسك الأبيض 250 مل,sold out,https://aldawaaegy.com/ar/collections/fragrance/products/favelin-body-splash-into-the-wild-125ml,https://cdn.shopify.com/s/files/1/0566/6779/9603/files/favelin-body-splash-into-the-wild-125ml-4310738.webp?v=1762439003,https://cdn.shopify.com/s/files/1/0566/6779/9603/files/favelin-body-splash-into-the-wild-125ml-4310738.webp?v=1762439003,fragrance
399.0,EGP,Favelin,Home > العطر > معطر الجسم فافلين إنتو ذا وايلد 125 مل > Back to العطر > معطر الجسم فافلين ديزيرت ويسبر 125 مل,sold out,https://aldawaaegy.com/ar/collections/fragrance/products/favelin-body-splash-white-musk-250ml,https://cdn.shopify.com/s/files/1/0566/6779/9603/files/favelin-body-splash-white-musk-250ml-9308878.jpg?v=1762438617,https://cdn.shopify.com/s/files/1/0566/6779/9603/files/favelin-body-splash-white-musk-250ml-9308878.jpg?v=1762438617,fragrance
375.0,EGP,Favelin,Home > العطر > معطر جسم فافلين برائحة المسك الأبيض 250 مل > Back to العطر > ذا بلاك بينك بودي سبلاش دريم كاتشر 220 مل,sold out,https://aldawaaegy.com/ar/collections/fragrance/products/favelin-body-splash-desert-whisper-125ml,https://cdn.shopify.com/s/files/1/0566/6779/9603/files/favelin-body-splash-desert-whisper-125ml-1080924.webp?v=1762438029,https://cdn.shopify.com/s/files/1/0566/6779/9603/files/favelin-body-splash-desert-whisper-125ml-1080924.webp?v=1762438029,fragrance
470.0,EGP,The Black Pink,Home > العطر > معطر الجسم فافلين ديزيرت ويسبر 125 مل > Back to العطر > معطر الجسم بابلز لوف إن بالي 250 مل,sold out,https://aldawaaegy.com/ar/collections/fragrance/products/86819,https://cdn.shopify.com/s/files/1/0566/6779/9603/files/the-black-pink-body-splash-dream-catcher-220ml-6890732.png?v=1762439673,https://cdn.shopify.com/s/files/1/0566/6779/9603/files/the-black-pink-body-splash-dream-catcher-220ml-6890732.png?v=1762439673,fragrance
170.0,EGP,Bubblzz,Home > العطر > ذا بلاك بينك بودي سبلاش دريم كاتشر 220 مل > Back to العطر > كلاري معطر للجسم (ليلي) 250 مل,sold out,https://aldawaaegy.com/ar/collections/fragrance/products/bubblzz-love-in-bali-body-splash-250ml,https://cdn.shopify.com/s/files/1/0566/6779/9603/products/bubblzz-love-in-bali-body-splash-250ml-7777638.webp?v=1762439569,https://cdn.shopify.com/s/files/1/0566/6779/9603/products/bubblzz-love-in-bali-body-splash-250ml-7777638.webp?v=1762439569,fragrance
115.0,EGP,Clary,Home > العطر > معطر الجسم بابلز لوف إن بالي 250 مل > Back to العطر > معطر جسم مود نايت 220 مل,sold out,https://aldawaaegy.com/ar/collections/fragrance/products/clary-body-splash-night-250-ml,https://cdn.shopify.com/s/files/1/0566/6779/9603/products/clary-body-splash-night-250-ml-6189819.webp?v=1762441487,https://cdn.shopify.com/s/files/1/0566/6779/9603/products/clary-body-splash-night-250-ml-6189819.webp?v=1762441487,fragrance
250.0,EGP,MOOD,Home > العطر > كلاري معطر للجسم (ليلي) 250 مل > Back to العطر > معطر جسم مود إنتنس 220 مل,sold out,https://aldawaaegy.com/ar/collections/fragrance/products/mood-night-body-splash-220ml,https://cdn.shopify.com/s/files/1/0566/6779/9603/files/mood-night-body-splash-220ml-5424042.jpg?v=1762434949,https://cdn.shopify.com/s/files/1/0566/6779/9603/files/mood-night-body-splash-220ml-5424042.jpg?v=1762434949,fragrance
250.0,EGP,MOOD,Home > العطر > معطر جسم مود نايت 220 مل > Back to العطر > فافيلين بخاخ للجسم برائحة العسل المنعشة 250 مل,sold out,https://aldawaaegy.com/ar/collections/fragrance/products/mood-intense-body-splash-220ml,https://cdn.shopify.com/s/files/1/0566/6779/9603/files/mood-intense-body-splash-220ml-5584381.jpg?v=1762436451,https://cdn.shopify.com/s/files/1/0566/6779/9603/files/mood-intense-body-splash-220ml-5584381.jpg?v=1762436451,fragrance
389.0,EGP,Favelin,Home > العطر > معطر جسم مود إنتنس 220 مل > Back to العطر > معطر الجسم فافيلين كب كيك جليز 250 مل,in stock,https://aldawaaegy.com/ar/collections/fragrance/products/favelin-sun-kissed-honey-body-splash-250ml,https://cdn.shopify.com/s/files/1/0566/6779/9603/files/favelin-sun-kissed-honey-body-splash-250ml-5752631.png?v=1762436243,https://cdn.shopify.com/s/files/1/0566/6779/9603/files/favelin-sun-kissed-honey-body-splash-250ml-5752631.png?v=1762436243,fragrance
389.0,EGP,Favelin,Home > العطر > فافيلين بخاخ للجسم برائحة العسل المنعشة 250 مل > Back to العطر > معطر الجسم إيفا مورنينج بلوسوم 240 مل,sold out,https://aldawaaegy.com/ar/collections/fragrance/products/favelin-cupcake-glaze-body-splash-250ml,https://cdn.shopify.com/s/files/1/0566/6779/9603/files/favelin-cupcake-glaze-body-splash-250ml-5247572.png?v=1762438983,https://cdn.shopify.com/s/files/1/0566/6779/9603/files/favelin-cupcake-glaze-body-splash-250ml-5247572.png?v=1762438983,fragrance
208.0,EGP,Eva,Home > العطر > معطر الجسم فافيلين كب كيك جليز 250 مل > Back to العطر > معطر الجسم إيفا ميستيك أوركيد 240 مل,in stock,https://aldawaaegy.com/ar/collections/fragrance/products/eva-morning-blossom-body-splash-240-ml,https://cdn.shopify.com/s/files/1/0566/6779/9603/files/eva-morning-blossom-body-splash-240ml-3485186.webp?v=1762436972,https://cdn.shopify.com/s/files/1/0566/6779/9603/files/eva-morning-blossom-body-splash-240ml-3485186.webp?v=1762436972,fragrance
200.0,EGP,Eva,Home > العطر > معطر الجسم إيفا مورنينج بلوسوم 240 مل > Back to العطر > معطر جسم إيفا مسكي ياسمين 240 مل,in stock,https://aldawaaegy.com/ar/collections/fragrance/products/eva-mystic-orchid-body-splash-240-ml,https://cdn.shopify.com/s/files/1/0566/6779/9603/files/eva-body-splash-mystic-orchid-240-ml-4049541.webp?v=1762437430,https://cdn.shopify.com/s/files/1/0566/6779/9603/files/eva-body-splash-mystic-orchid-240-ml-4049541.webp?v=1762437430,fragrance
200.0,EGP,Eva,Home > العطر > معطر الجسم إيفا ميستيك أوركيد 240 مل > Back to العطر > معطر الجسم إيفا نايت أوت 240 مل,in stock,https://aldawaaegy.com/ar/collections/fragrance/products/eva-musky-jasmine-body-splash-240-ml,https://cdn.shopify.com/s/files/1/0566/6779/9603/files/eva-body-splash-musky-jasmine-240-ml-5791999.webp?v=1762436852,https://cdn.shopify.com/s/files/1/0566/6779/9603/files/eva-body-splash-musky-jasmine-240-ml-5791999.webp?v=1762436852,fragrance
206.0,EGP,Eva,Home > العطر > معطر جسم إيفا مسكي ياسمين 240 مل > Back to العطر > معطر الجسم إيفا سبرينج ليليز 240 مل,in stock,https://aldawaaegy.com/ar/collections/fragrance/products/eva-night-out-body-splash-240-ml,https://cdn.shopify.com/s/files/1/0566/6779/9603/files/eva-body-splash-night-out-240ml-4948547.webp?v=1762437818,https://cdn.shopify.com/s/files/1/0566/6779/9603/files/eva-body-splash-night-out-240ml-4948547.webp?v=1762437818,fragrance
200.0,EGP,Eva,Home > العطر > معطر الجسم إيفا نايت أوت 240 مل > Back to العطر > معطر الجسم إيفا لوف تيل 240 مل,in stock,https://aldawaaegy.com/ar/collections/fragrance/products/eva-spring-lilies-body-splash-240-ml,https://cdn.shopify.com/s/files/1/0566/6779/9603/files/eva-body-splash-spring-lilies-240ml-4977070.webp?v=1762438275,https://cdn.shopify.com/s/files/1/0566/6779/9603/files/eva-body-splash-spring-lilies-240ml-4977070.webp?v=1762438275,fragrance
200.0,EGP,Eva,Home > العطر > معطر الجسم إيفا سبرينج ليليز 240 مل > Back to العطر > AVUVA Olympus – معطر للجسم – 55 مل,in stock,https://aldawaaegy.com/ar/collections/fragrance/products/eva-love-tale-body-splash-240-ml,https://cdn.shopify.com/s/files/1/0566/6779/9603/files/eva-body-splash-love-tale-240ml-5192937.webp?v=1762438054,https://cdn.shopify.com/s/files/1/0566/6779/9603/files/eva-body-splash-love-tale-240ml-5192937.webp?v=1762438054,fragrance
45.0,EGP,Avuva,Home > العطر > معطر الجسم إيفا لوف تيل 240 مل > Back to العطر > AVUVA Scan Me – معطر للجسم – 55 مل,sold out,https://aldawaaegy.com/ar/collections/fragrance/products/avuva-olympus-body-splash-55-ml,https://cdn.shopify.com/s/files/1/0566/6779/9603/files/avuva-olympus-body-splash-55ml-3954725.jpg?v=1762437436,https://cdn.shopify.com/s/files/1/0566/6779/9603/files/avuva-olympus-body-splash-55ml-3954725.jpg?v=1762437436,fragrance
35.0,EGP,Avuva,Home > العطر > AVUVA Olympus – معطر للجسم – 55 مل > Back to العطر > AVUVA Floral – معطر للجسم 253 مل,in stock,https://aldawaaegy.com/ar/collections/fragrance/products/avuva-scan-me-body-splash-55-ml,https://cdn.shopify.com/s/files/1/0566/6779/9603/files/avuva-scan-me-body-splash-55ml-7164815.jpg?v=1762439238,https://cdn.shopify.com/s/files/1/0566/6779/9603/files/avuva-scan-me-body-splash-55ml-7164815.jpg?v=1762439238,fragrance
155.0,EGP,Avuva,Home > العطر > AVUVA Scan Me – معطر للجسم – 55 مل > Back to العطر > AVUVA معطر للجسم برائحة المانجو والخوخ – 55 مل,in stock,https://aldawaaegy.com/ar/collections/fragrance/products/avuva-floral-body-splash-253ml,https://cdn.shopify.com/s/files/1/0566/6779/9603/files/avuva-floral-body-splash-253-ml-9032417.webp?v=1762438047,https://cdn.shopify.com/s/files/1/0566/6779/9603/files/avuva-floral-body-splash-253-ml-9032417.webp?v=1762438047,fragrance
46.0,EGP,Avuva,Home > العطر > AVUVA Floral – معطر للجسم 253 مل > Back to العطر > رذاذ جلي الكب كيك من فافيلين 125 مل,in stock,https://aldawaaegy.com/ar/collections/fragrance/products/avuva-mango-peach-body-splash-55-ml,https://cdn.shopify.com/s/files/1/0566/6779/9603/files/avuva-mango-peach-body-splash-55ml-7846377.webp?v=1762438029,https://cdn.shopify.com/s/files/1/0566/6779/9603/files/avuva-mango-peach-body-splash-55ml-7846377.webp?v=1762438029,fragrance
375.0,EGP,Favelin,Home > العطر > AVUVA معطر للجسم برائحة المانجو والخوخ – 55 مل > Back to العطر > معطر الجسم فافيلين فيوليت تويست 125 مل,sold out,https://aldawaaegy.com/ar/collections/fragrance/products/favelin-cup-cake-glaze-splash-125ml,https://cdn.shopify.com/s/files/1/0566/6779/9603/files/favelin-cup-cake-glaze-splash-125ml-2231800.webp?v=1762438855,https://cdn.shopify.com/s/files/1/0566/6779/9603/files/favelin-cup-cake-glaze-splash-125ml-2231800.webp?v=1762438855,fragrance
375.0,EGP,Favelin,Home > العطر > رذاذ جلي الكب كيك من فافيلين 125 مل > Back to العطر > معطر الجسم فافلين صن كيسد 125 مل,in stock,https://aldawaaegy.com/ar/collections/fragrance/products/favelin-violet-twist-body-splash-125ml,https://cdn.shopify.com/s/files/1/0566/6779/9603/files/favelin-violet-twist-body-splash-125ml-5487220.webp?v=1762438774,https://cdn.shopify.com/s/files/1/0566/6779/9603/files/favelin-violet-twist-body-splash-125ml-5487220.webp?v=1762438774,fragrance
375.0,EGP,Favelin,Home > العطر > معطر الجسم فافيلين فيوليت تويست 125 مل > Back to العطر > ذا بلاك بينك معطر الجسم بالفراولة 220 مل,in stock,https://aldawaaegy.com/ar/collections/fragrance/products/favelin-sun-kissed-body-splash-125ml,https://cdn.shopify.com/s/files/1/0566/6779/9603/files/favelin-sun-kissed-body-splash-125ml-7501319.webp?v=1762439235,https://cdn.shopify.com/s/files/1/0566/6779/9603/files/favelin-sun-kissed-body-splash-125ml-7501319.webp?v=1762439235,fragrance
470.0,EGP,The Black Pink,Home > العطر > معطر الجسم فافلين صن كيسد 125 مل > Back to العطر > معطر الجسم إيفا إن ذا كلاودز 240 مل,sold out,https://aldawaaegy.com/ar/collections/fragrance/products/86820,https://cdn.shopify.com/s/files/1/0566/6779/9603/files/the-black-pink-body-splash-strawberry-220ml-7073898.png?v=1762439573,https://cdn.shopify.com/s/files/1/0566/6779/9603/files/the-black-pink-body-splash-strawberry-220ml-7073898.png?v=1762439573,fragrance
220.0,EGP,Eva,Home > العطر > ذا بلاك بينك معطر الجسم بالفراولة 220 مل > Back to العطر > كلاري معطر للجسم (العود) 250 مل,in stock,https://aldawaaegy.com/ar/collections/fragrance/products/eva-body-splash-in-the-clouds-240ml-25-0,https://cdn.shopify.com/s/files/1/0566/6779/9603/products/eva-body-splash-in-the-clouds-240ml-2949481.jpg?v=1762439299,https://cdn.shopify.com/s/files/1/0566/6779/9603/products/eva-body-splash-in-the-clouds-240ml-2949481.jpg?v=1762439299,fragrance
150.0,EGP,Clary,Home > العطر > معطر الجسم إيفا إن ذا كلاودز 240 مل > Back to العطر,sold out,https://aldawaaegy.com/ar/collections/fragrance/products/clary-body-splash-oud-250-ml,https://cdn.shopify.com/s/files/1/0566/6779/9603/products/clary-body-splash-oud-250-ml-9565820.webp?v=1762441455,https://cdn.shopify.com/s/files/1/0566/6779/9603/products/clary-body-splash-oud-250-ml-9565820.webp?v=1762441455,fragrance
