drug_id,name,active_ingredient,category_id,description
1,Drug_Doctor,into,1,Style such as change loss suddenly.
2,Drug_Director,he,8,Necessary growth camera point tree rest identify.
3,Drug_Product,finish,9,Change various hot consumer option west walk.
4,Drug_Person,imagine,3,Provide second popular development politics.
5,Drug_Police,four,9,Stop night best measure star street statement become.
6,Drug_Seek,gas,6,Become other those beyond.
7,Drug_A,deep,10,Sign Democrat mention.
8,Drug_Voice,suddenly,5,Themselves executive spring worker agree family.
9,Drug_Member,month,5,Seven computer from.
10,Drug_Cup,cause,2,Difficult eight look.
11,Drug_And,personal,1,Left explain enough allow others hope rule conference.
12,Drug_Within,specific,2,Phone sea yet today.
13,Drug_Force,story,1,Behavior child their nor.
14,Drug_Floor,bill,3,Right support a staff everyone culture learn possible.
15,Drug_Go,plant,2,Peace religious company father both party change.
16,Drug_Industry,race,5,Crime main area involve past establish imagine.
17,Drug_Marriage,notice,9,Fund single control movie style under.
18,Drug_Different,firm,8,Design similar land among.
19,Drug_Enough,item,7,Together keep different wide.
20,Drug_Mouth,different,6,Seem where image red.
21,Drug_Light,against,3,Poor hospital culture great.
22,Drug_Present,go,6,Compare spring own.
23,Drug_Adult,chance,8,View however guess care.
24,Drug_Ask,word,7,Time market around line.
25,Drug_Stuff,time,10,Outside serious old involve keep section.
26,Drug_Section,mean,5,Air down step.
27,Drug_Church,wide,6,Begin himself young human.
28,Drug_The,trial,6,Picture marriage nearly program significant way.
29,Drug_Mission,explain,9,Morning move how central population.
30,Drug_Alone,beyond,1,Way floor listen statement energy.
31,Drug_Can,ever,7,Response although would my sign structure agency.
32,Drug_Long,artist,1,Culture blue term material lawyer reality number.
33,Drug_Practice,make,9,Measure Congress usually task car summer of.
34,Drug_Throughout,do,5,Democrat training long discussion discover drive decide focus.
35,Drug_Cut,card,8,Wrong too night front over drug.
36,Drug_Go,admit,4,South hold test want through artist care.
37,Drug_Claim,positive,9,Report far together all agree.
38,Drug_Author,surface,8,Paper wall price might sister.
39,Drug_Role,high,5,Sound understand war two discuss toward.
40,Drug_Kid,might,9,However whose visit job chance recognize.
41,Drug_South,member,4,Take herself interview evidence beat central.
42,Drug_Energy,material,6,Require one from.
43,Drug_North,east,9,Work claim present likely suffer.
44,Drug_Phone,alone,9,Late concern information relate baby act look hope.
45,Drug_Leg,well,7,Memory level white book although responsibility debate table.
46,Drug_May,push,1,Least practice relationship maybe data seem.
47,Drug_Whether,every,1,Team seat forward mention change why.
48,Drug_Blue,million,2,Direction compare no own eat bring person both.
49,Drug_Allow,training,4,Keep where management thing.
50,Drug_Different,gas,5,Drop nation discover want.
51,Drug_Machine,war,1,Know box throw general truth especially development central.
52,Drug_Cut,federal,4,Most report require media purpose within.
53,Drug_Prevent,any,5,Course organization talk late treat agree.
54,Drug_Rather,continue,4,Another purpose author mention.
55,Drug_Certain,growth,2,Long account either send station crime man.
56,Drug_Do,eight,1,Cost store product interest.
57,Drug_Better,white,1,Should some six better store century network.
58,Drug_First,camera,4,Benefit marriage see nor discussion collection finally.
59,Drug_Stop,measure,6,Brother how small indeed certain college.
60,Drug_Voice,teacher,7,Investment everyone note trial what.
61,Drug_Apply,government,1,International save I through.
62,Drug_Opportunity,pattern,9,City full would either more collection.
63,Drug_Some,action,1,Her ask cause anything your professional available easy.
64,Drug_Line,itself,1,Same individual sell.
65,Drug_Attack,fast,8,Care nor compare social arrive full.
66,Drug_High,yourself,4,Hospital wish home available article smile.
67,Drug_Glass,write,6,Despite though good ball natural experience.
68,Drug_Social,cultural,8,Court very natural party short understand turn start.
69,Drug_Without,shake,6,Happen attention score behind out.
70,Drug_Mission,mind,2,Shoulder focus paper clearly.
71,Drug_Family,effect,10,Set outside method point back him machine.
72,Drug_Card,mission,5,Design specific ever tell culture himself let.
73,Drug_Win,part,8,Economy election rise left down.
74,Drug_Part,candidate,2,See campaign television information.
75,Drug_Money,street,2,This pull detail professional player part day possible.
76,Drug_It,center,10,Pm loss black pattern.
77,Drug_Fear,level,3,Agreement professor employee resource begin cost blood.
78,Drug_Century,different,8,Trade dream air through generation wrong night.
79,Drug_Yeah,difference,3,Course even popular himself direction.
80,Drug_Buy,to,10,Order trial majority decision arm commercial.
81,Drug_Perhaps,claim,9,None around bill evidence only far customer meeting.
82,Drug_Center,develop,2,Sound these power.
83,Drug_Spring,kid,2,News purpose try.
84,Drug_Woman,hit,1,Today pull fall account mother.
85,Drug_Ability,war,5,There economy industry.
86,Drug_Partner,court,10,Course live too case audience recent.
87,Drug_Radio,girl,2,Central end reflect national nor.
88,Drug_People,one,2,Adult each window imagine.
89,Drug_But,data,4,Plant create less owner.
90,Drug_Popular,thus,6,Machine test upon country.
91,Drug_Husband,others,2,Some source pull any fight argue career door.
92,Drug_Environmental,hear,4,Turn quality write during.
93,Drug_Point,citizen,10,Medical popular eat friend man.
94,Drug_Shake,sign,8,Organization while large likely brother money my feeling.
95,Drug_Eat,hear,8,Around note weight everything.
96,Drug_Space,various,7,To everyone field month born.
97,Drug_Center,add,8,Really meeting professor better main.
98,Drug_For,sense,9,Build happy involve size teacher.
99,Drug_Others,whose,9,Hand job night animal.
100,Drug_Better,or,9,Future third have camera.
