id,drug_id,avg_price,min_price,max_price,availability_percentage,calculated_at
1,5,397.12,18.93,919.77,47.0,2026-04-08 11:59:42.788877
2,16,98.84,13.87,709.62,11.44,2026-04-08 16:43:59.566890
3,37,168.93,47.49,716.46,41.41,2026-04-04 08:07:20.728349
4,65,83.55,17.84,580.51,21.61,2026-04-11 11:49:56.476640
5,100,218.76,46.34,646.34,41.78,2026-04-11 06:30:12.475953
6,20,299.41,28.53,779.95,32.21,2026-04-06 02:37:05.955963
7,46,247.47,23.14,786.38,32.03,2026-04-11 15:43:59.167541
8,58,274.01,37.88,519.69,68.86,2026-04-03 10:24:19.570377
9,27,208.11,35.73,767.77,33.59,2026-04-04 05:56:09.583553
10,26,282.97,28.65,542.5,1.48,2026-04-08 21:11:27.834355
11,91,296.03,31.71,529.9,78.32,2026-04-02 12:08:19.590418
12,19,345.8,42.5,497.3,17.23,2026-04-06 16:14:48.307169
13,98,292.45,42.34,753.42,31.79,2026-04-02 10:21:49.666526
14,86,394.1,11.92,430.31,92.4,2026-04-01 05:52:50.717388
15,12,339.86,46.97,540.54,99.35,2026-04-03 01:55:00.684461
16,77,297.2,36.91,834.49,38.42,2026-04-05 00:39:04.835544
17,33,280.79,41.25,520.13,48.68,2026-04-11 10:36:45.137998
18,51,370.66,12.54,869.88,40.89,2026-04-03 12:55:10.925263
19,67,136.91,39.65,680.31,54.17,2026-04-11 13:45:12.870097
20,53,286.31,33.46,821.31,67.67,2026-04-05 01:37:03.256308
21,49,313.95,44.94,728.26,90.59,2026-04-05 06:56:26.717021
22,79,257.37,42.17,587.12,25.92,2026-04-05 05:56:06.770788
23,37,271.81,33.91,897.4,58.92,2026-04-10 08:35:57.296345
24,64,189.24,12.89,841.08,44.55,2026-04-04 05:52:57.113268
25,54,121.14,36.72,821.01,17.65,2026-04-04 11:31:35.792448
26,95,68.3,17.96,512.95,30.87,2026-04-01 11:48:52.282136
27,62,320.65,14.59,541.76,95.03,2026-04-05 16:08:07.875266
28,15,97.14,10.13,608.16,77.79,2026-04-03 23:55:05.175477
29,57,102.31,12.21,922.43,98.87,2026-04-02 20:23:47.473879
30,86,193.51,20.4,638.02,76.21,2026-04-10 15:33:49.004965
31,30,170.08,32.66,622.2,79.3,2026-04-04 06:20:46.868697
32,71,191.07,22.8,608.08,46.22,2026-04-03 18:26:02.709741
33,3,231.07,10.35,811.04,6.11,2026-04-02 18:06:50.670264
34,79,89.81,34.49,425.95,44.39,2026-04-06 01:20:04.846567
35,43,157.98,17.97,469.17,61.27,2026-04-06 02:27:44.854504
36,19,217.36,14.14,466.52,40.56,2026-04-07 10:49:34.077210
37,30,256.12,43.36,592.35,50.07,2026-04-07 04:06:37.525185
38,90,342.31,15.2,619.06,63.07,2026-04-03 10:44:48.405306
39,99,51.65,41.79,702.02,96.9,2026-04-05 01:20:04.541475
40,56,154.91,38.13,766.95,3.88,2026-04-11 07:54:13.252965
41,95,193.47,36.7,938.09,24.85,2026-04-08 05:07:10.771095
42,95,113.36,44.12,492.53,74.83,2026-04-05 21:01:25.220356
43,16,352.75,37.91,804.79,85.5,2026-04-07 11:56:50.424903
44,22,262.43,39.97,711.1,88.59,2026-04-03 16:57:46.401965
45,17,354.45,24.62,851.26,3.65,2026-04-10 12:44:11.066031
46,47,108.7,45.29,557.51,87.16,2026-04-05 16:26:23.079723
47,49,232.96,12.39,745.74,66.81,2026-04-04 04:56:23.502992
48,100,115.8,17.23,400.24,90.18,2026-04-03 15:45:10.582695
49,52,83.43,11.87,771.88,26.95,2026-04-08 11:22:56.557482
50,45,320.67,48.63,694.77,32.41,2026-04-04 21:39:17.233044
51,36,157.74,31.4,632.75,54.7,2026-04-04 01:13:36.539268
52,40,210.11,27.36,404.17,2.48,2026-04-02 08:44:31.766868
53,61,98.25,42.03,751.8,0.77,2026-04-06 10:13:19.719460
54,9,106.65,23.94,931.12,27.16,2026-04-02 23:56:34.729703
55,57,63.8,10.94,781.9,62.74,2026-04-09 18:13:09.359501
56,92,337.83,40.57,691.95,77.51,2026-04-03 07:59:03.391660
57,30,342.7,13.11,822.41,34.9,2026-04-10 04:38:19.918643
58,34,183.35,39.02,936.56,67.85,2026-04-11 12:56:40.250387
59,38,389.92,36.85,560.62,10.91,2026-04-10 02:01:57.805631
60,5,365.57,29.24,735.67,17.75,2026-04-11 03:50:35.003415
61,11,273.51,41.49,744.52,17.02,2026-04-03 14:59:26.332681
62,66,95.67,44.58,448.26,36.32,2026-04-07 16:12:29.887649
63,16,123.99,21.74,583.31,53.67,2026-04-01 22:13:05.808944
64,64,394.33,12.6,433.11,44.89,2026-04-04 05:43:41.509301
65,92,164.42,20.54,974.72,63.17,2026-04-02 14:43:21.523827
66,45,66.38,29.8,882.82,27.09,2026-04-07 17:42:27.017883
67,7,176.09,22.33,537.4,52.94,2026-04-11 09:14:04.561831
68,57,222.15,46.84,795.23,27.44,2026-04-07 02:11:20.613417
69,77,228.05,11.17,834.56,20.24,2026-04-09 17:45:10.416536
70,79,339.29,17.92,999.3,16.98,2026-04-09 05:11:32.512229
71,74,107.71,29.77,701.94,2.55,2026-04-02 21:46:25.555126
72,22,261.85,35.57,614.85,98.86,2026-04-04 03:16:06.622400
73,57,187.45,21.77,553.25,54.53,2026-04-08 14:32:29.309060
74,14,199.58,30.65,570.46,45.92,2026-04-03 10:43:01.406985
75,40,377.89,19.27,694.84,56.59,2026-04-05 09:06:14.185622
76,36,221.34,12.48,694.79,93.68,2026-04-06 04:08:36.528831
77,23,202.64,20.21,640.39,89.33,2026-04-08 14:57:06.341318
78,13,209.06,35.12,947.09,67.82,2026-04-10 00:40:06.005542
79,83,175.27,43.82,606.34,69.64,2026-04-01 05:55:02.604004
80,61,100.78,33.16,896.43,88.31,2026-04-09 13:15:23.091482
81,6,245.05,34.1,402.45,93.36,2026-04-06 17:12:08.392251
82,80,150.26,22.4,822.83,69.37,2026-04-08 08:35:19.109853
83,63,112.84,48.65,460.22,99.6,2026-04-03 14:22:37.435320
84,55,259.51,45.77,873.31,87.33,2026-04-10 22:43:55.169367
85,38,162.81,44.27,529.02,28.43,2026-04-05 10:46:09.750012
86,55,283.76,17.55,498.15,16.34,2026-04-03 06:22:03.650300
87,82,116.04,20.13,891.02,27.94,2026-04-07 15:32:12.027059
88,78,162.68,37.7,821.82,49.93,2026-04-04 14:26:46.581264
89,87,349.98,12.15,975.61,23.12,2026-04-07 07:20:26.088206
90,1,306.61,34.79,978.6,72.37,2026-04-09 02:03:18.635095
91,57,243.08,18.08,478.23,37.21,2026-04-05 22:13:14.919832
92,11,386.96,45.52,512.83,27.51,2026-04-07 06:54:18.340256
93,57,60.46,40.0,640.24,81.86,2026-04-06 06:47:10.994675
94,91,305.21,24.8,540.66,69.98,2026-04-06 04:12:38.290058
95,86,215.31,25.52,899.47,16.95,2026-04-11 01:03:02.668759
96,86,349.65,10.6,625.5,81.68,2026-04-09 08:40:41.190916
97,78,139.7,36.36,943.72,25.66,2026-04-08 02:28:45.579552
98,45,111.96,40.12,579.59,72.49,2026-04-03 11:22:31.999015
99,30,316.47,20.42,890.65,31.21,2026-04-09 15:22:12.135830
100,41,395.54,16.37,640.03,95.74,2026-04-10 20:57:25.168997
