rating_id,drug_id,user_id,pharmacy_id,rating,comment,created_at
1,25,97,48,3,Energy head behavior prepare a nature.,2026-01-09 22:06:23.189681
2,82,30,59,1,Usually PM public story those rule.,2026-03-06 18:09:23.146858
3,23,91,65,5,Good someone recently commercial factor catch.,2026-01-11 05:27:57.120504
4,52,79,6,1,Action be bed recognize act off sell recent.,2026-02-13 18:29:51.616152
5,14,48,8,1,Third federal Republican reason old.,2026-03-19 02:34:18.597612
6,13,16,42,2,Hope president son left set fight list.,2026-02-09 11:22:14.652060
7,11,15,36,4,Build eight fear throw player.,2026-02-07 12:49:23.002383
8,57,61,58,4,Ability program star despite act.,2026-01-25 17:17:18.952380
9,43,94,93,5,Product around least owner face window.,2026-01-03 17:21:01.770300
10,22,77,77,2,Important next decision control.,2026-02-05 18:46:39.620284
11,44,34,74,2,Us American boy could believe.,2026-03-05 21:06:58.236743
12,88,99,85,4,Leader argue firm provide now.,2026-03-14 13:52:46.511315
13,58,1,26,2,New natural machine produce thousand.,2026-02-13 17:48:27.118235
14,38,59,6,1,Social half suggest standard study teacher.,2026-01-30 03:43:41.301659
15,73,78,18,3,Light agency represent those little second.,2026-04-03 11:51:18.195723
16,92,63,77,5,Pay night garden force story with commercial.,2026-02-08 19:33:20.673068
17,7,76,33,4,Note leave race special or up return specific.,2026-02-10 21:47:14.592633
18,32,28,53,2,Candidate pass reason glass.,2026-02-01 05:33:39.424043
19,25,95,98,1,Allow move recent cause exist knowledge near.,2026-02-27 04:22:25.150507
20,83,97,96,1,Care position allow star more.,2026-03-16 20:30:16.320503
21,34,82,56,3,Young read with instead light share better.,2026-02-22 03:19:29.225130
22,25,98,52,1,Now cold yourself answer behavior form guy job.,2026-03-17 20:53:52.920963
23,61,98,17,5,Data organization early page.,2026-03-30 06:54:42.675417
24,56,62,35,4,Somebody carry step.,2026-03-31 02:43:43.695025
25,96,72,56,2,Down task price option plant.,2026-02-04 06:46:01.528599
26,6,75,27,5,Wish who not politics card teach.,2026-03-20 04:59:47.203304
27,42,33,92,4,Finally wear our response choose different.,2026-01-01 22:43:49.286896
28,23,15,18,3,Method student still.,2026-03-22 03:59:46.820505
29,75,93,37,5,Teacher increase beat result war last play.,2026-01-07 06:08:05.201429
30,47,37,23,2,Lawyer now glass range.,2026-01-03 16:12:21.582096
31,85,51,1,1,Its baby prove point parent whole.,2026-01-16 14:24:11.396504
32,59,35,24,4,Avoid area let old be why yourself.,2026-03-24 17:50:13.727247
33,8,23,41,2,Road green head pressure put attention your.,2026-01-18 09:57:22.191786
34,24,35,22,4,Control consider answer such.,2026-03-21 17:19:01.781877
35,66,20,92,3,Lose by vote speech.,2026-01-29 03:43:24.009558
36,98,48,67,2,True crime no prove term civil.,2026-04-07 04:30:18.998943
37,61,42,98,4,Pattern condition common sort easy.,2026-01-22 05:54:55.507430
38,4,40,5,2,Keep structure strong. Visit leg create ask.,2026-01-19 01:31:45.696757
39,29,80,12,3,Simple member more either machine.,2026-01-18 09:05:51.462619
40,19,33,94,5,Least green well key.,2026-01-09 10:03:16.324950
41,91,60,14,5,May attorney individual rather moment so pull.,2026-01-05 09:18:18.478686
42,96,97,72,2,Explain business race.,2026-03-21 12:11:56.010497
43,87,99,35,3,Pm lot late appear realize.,2026-02-25 20:37:17.972619
44,87,75,38,1,Up cold summer. Yes onto federal vote beat body.,2026-03-29 16:30:25.061534
45,19,46,10,1,Already seven unit best art north brother right.,2026-03-20 05:35:48.477903
46,6,22,3,2,Our fine quality project travel.,2026-03-15 01:35:25.165591
47,97,79,43,4,News little clearly majority.,2026-03-06 22:31:51.092966
48,36,74,43,4,Available president serious card street.,2026-01-08 23:53:52.018448
49,21,44,13,3,Hand exactly one.,2026-02-09 18:48:10.686880
50,8,71,42,1,Teacher read garden eye moment course.,2026-01-08 10:36:51.662200
51,2,74,98,1,Among radio response life produce century by.,2026-04-10 13:41:09.306048
52,87,49,67,2,Certainly night far reflect poor.,2026-04-08 10:43:59.956277
53,28,9,90,1,Write hour rate size evening fly law.,2026-01-11 15:06:17.498373
54,94,96,8,2,Agent own operation field certain.,2026-01-23 09:02:37.361575
55,100,43,97,2,Wait tree environmental order.,2026-01-04 12:45:15.851558
56,63,37,55,3,Play significant or place newspaper trade entire.,2026-01-12 05:40:45.442681
57,92,87,11,3,Imagine involve add rock.,2026-04-03 06:03:54.468677
58,97,36,50,4,Remember well all green should only phone.,2026-02-28 23:05:59.438023
59,95,66,29,2,Listen affect memory than official.,2026-03-30 19:56:18.315807
60,82,8,14,4,Fear town buy morning country.,2026-04-06 12:46:31.067399
61,2,72,56,3,People family second huge.,2026-03-19 23:41:56.305713
62,6,52,11,1,Special to building significant.,2026-01-21 15:22:01.771696
63,2,10,79,3,One indeed with finish.,2026-02-27 12:50:43.924622
64,60,41,33,1,Around suffer crime room son.,2026-01-24 15:01:26.685960
65,19,82,3,4,What dog economy need.,2026-03-17 22:54:46.992987
66,65,87,12,5,Young yourself only stand.,2026-03-03 01:33:19.024181
67,13,99,33,4,Certainly up manager.,2026-01-05 18:40:02.897645
68,8,17,91,2,Under house statement design way relationship.,2026-02-12 15:31:29.008333
69,87,57,79,1,Reason blue each listen quickly.,2026-02-17 12:46:03.387409
70,7,81,68,3,Owner music despite why task several.,2026-02-10 02:43:13.464937
71,17,54,16,3,Economy country teach film.,2026-04-07 13:16:29.403062
72,53,93,67,4,So fill do bar standard visit man often.,2026-01-16 14:03:10.004376
73,31,68,85,2,Stuff push support produce.,2026-02-16 15:11:57.630492
74,81,32,61,4,Hear dog positive stage worker clearly modern.,2026-03-23 11:07:17.607328
75,100,11,4,5,Perform discussion expert media yard example.,2026-03-17 17:11:54.297159
76,34,56,81,5,Guy central reduce story.,2026-01-27 14:24:27.421635
77,52,44,92,2,Hot finish degree.,2026-02-23 19:38:33.464985
78,44,15,98,5,Dinner baby style.,2026-04-02 06:26:32.336266
79,59,10,41,2,Level him population always. Until will central.,2026-04-03 11:26:40.264089
80,74,77,91,5,Support town action.,2026-02-12 12:29:07.123804
81,8,58,90,1,Activity west black available very.,2026-03-21 23:42:44.324757
82,29,89,53,3,Avoid on office line.,2026-03-02 22:08:05.007851
83,6,37,26,3,Forget yes offer wrong subject.,2026-02-27 14:55:41.231421
84,47,91,28,5,Government me question you.,2026-04-06 05:57:44.537946
85,16,3,17,1,Might level third foot.,2026-01-04 13:50:33.950408
86,17,9,92,2,Eight soon join just could.,2026-01-26 14:07:08.093242
87,79,88,70,3,Attack or write foot wrong company season.,2026-01-29 19:45:24.967018
88,45,34,17,5,True continue worry scene.,2026-01-16 18:29:58.197766
89,38,26,90,1,Game increase lot exactly whole prove.,2026-03-12 22:29:46.397267
90,2,64,90,5,Responsibility employee material.,2026-01-28 01:23:31.272316
91,22,73,72,5,Heavy old treat glass image avoid.,2026-02-23 09:48:18.019287
92,97,84,81,1,Education identify former seem.,2026-01-10 17:08:09.100461
93,26,5,23,2,Part draw relate last medical call central.,2026-03-20 07:45:34.979608
94,67,16,69,1,Sometimes allow film try American worry TV.,2026-02-20 22:47:14.241240
95,62,40,84,1,Program office so event bar.,2026-03-20 15:04:34.658821
96,31,66,82,1,Hour place relate bill. Available need possible.,2026-03-17 23:37:00.476297
97,83,50,85,5,They sense tonight seat small good bill.,2026-02-25 05:34:49.898772
98,28,99,87,2,Likely leg show anything.,2026-02-28 09:00:48.828121
99,94,38,23,3,Rock event plan message party science early.,2026-03-01 06:37:55.347377
100,63,42,71,1,Order Congress control simply hard.,2026-02-08 04:04:03.070865
