id,user_id,token,expires_at
1,4,b5f2648f-7b11-49a9-85f2-c83a3ace81a5,2026-05-03 04:54:25.503438
2,6,9f87215c-0fe8-47d2-ac6c-02d267c732f2,2026-05-09 03:25:38.274038
3,62,dd968f65-70dc-4b18-acd6-78303bd54aff,2026-05-02 04:13:41.725052
4,37,f9f7d6ef-ff97-4c9e-82e3-dcd1c8cd798c,2026-04-16 19:30:03.110060
5,50,9b19cbff-5a42-4a36-92d5-f633ab0706de,2026-05-10 07:17:08.047442
6,17,f788e8a0-d34c-4c01-887b-23fd4d8af345,2026-04-25 21:57:20.932009
7,28,e1980e0a-b6b1-4999-8b6e-040c856709be,2026-05-05 01:31:37.109803
8,90,b5ce9f71-460a-4fad-aa26-88a6e69a3bdc,2026-04-14 11:04:10.828963
9,27,8ce533d2-2de9-4f3c-bbb4-7b5514ec5bbe,2026-04-25 03:56:08.282188
10,81,76f31097-71ae-4845-872d-798caa65ce27,2026-05-06 17:53:22.645430
11,88,7ce7968c-5b98-487b-afaf-062a1ebbea82,2026-04-28 07:48:11.741078
12,16,50e65d0b-020f-4144-a08a-410d53ef5935,2026-05-04 02:27:29.496792
13,38,94271325-951f-4f8b-944e-c51267b1bca0,2026-05-05 13:39:46.664426
14,46,955f7cdc-5405-408b-9411-fde179283a9e,2026-04-26 01:41:16.945672
15,78,7571ca31-ecb4-4b80-a764-6e6b778dad0b,2026-04-21 13:18:17.776687
16,17,957d9acf-1da2-4de6-907f-bebfa55c8eb0,2026-04-28 14:55:48.867036
17,74,be83b495-0eae-40d8-ac75-19592839f8c7,2026-04-21 04:38:44.424082
18,81,09918bd8-8bd7-4f0d-b04e-41c4edf4976a,2026-04-26 12:50:00.011366
19,36,6cf28fba-fcd8-429f-82f4-150b6944f0a6,2026-05-07 01:49:07.765906
20,59,830c8bd7-966c-4942-965b-f2afa07bf6ae,2026-05-06 12:59:54.335003
21,22,bc3b9908-45c4-4657-841a-cbb8df451318,2026-04-27 01:34:57.943987
22,46,4feedf9d-d8cc-471d-b620-c30bfe7fa1f6,2026-04-20 07:10:59.649631
23,100,65741be4-f8bd-4ba3-8410-e0d226f4e55f,2026-05-11 14:04:38.865666
24,51,ec7db10f-64dc-4d84-af23-6e2b01dc4b68,2026-04-29 05:30:47.740618
25,95,5ec97468-bf7e-4720-9ea4-87d277f5354b,2026-05-06 13:25:21.031861
26,40,a6c58646-5b13-4b69-81bb-49da2bc4678a,2026-04-11 18:40:41.269609
27,55,c72f0632-6634-48d5-bb47-263a71a42beb,2026-05-11 04:43:44.016991
28,55,50fad4e8-0cbf-4f99-8031-355e67f191ea,2026-05-01 10:27:47.410493
29,81,9ee940e8-5b99-4ee4-8244-02f073afcd7c,2026-04-19 18:14:58.634139
30,88,800fb44f-d630-4ecd-bade-e26412d1145e,2026-05-09 16:29:49.043113
31,40,fc775a33-d0db-4f84-bf2d-d90b4c7cbdbe,2026-04-25 11:05:33.589450
32,41,cd3b3edc-5416-401e-a5c3-8f515c4511f9,2026-04-19 22:10:48.776694
33,63,734a638a-1aa0-4927-a2e6-1f60064a7bdd,2026-05-03 09:46:22.553006
34,77,3bac8352-531c-4fb1-9a65-5bd212b1c97e,2026-04-15 13:52:08.093331
35,28,40e5af37-18f4-46b1-ace3-4f050a4e1f88,2026-04-29 11:03:50.184788
36,42,5da2025c-7d4b-4e7c-b656-4195db0814f7,2026-05-07 15:01:57.719474
37,13,762107f9-2c61-4abf-932d-7e04b4fb0cda,2026-05-08 21:32:15.156126
38,81,857bec32-1a98-4c28-98f3-1006b798cedc,2026-04-20 17:39:37.364494
39,64,85710a02-4d4b-462d-bf48-e446ed1f1b9f,2026-04-19 22:00:22.680263
40,48,b1be7dea-2974-41e5-9b02-79a08fb8ba6c,2026-05-03 15:56:02.320097
41,2,ed22a4a1-b830-417d-91cb-18349c6d4897,2026-05-04 12:01:18.939290
42,56,8d70dc78-7d6e-431d-93a5-020116b245a5,2026-04-14 20:41:55.635652
43,65,90d7f402-4b50-42d2-9064-98cc1ce1c15d,2026-04-23 21:09:40.217886
44,35,45ea25ef-cbc6-4233-8816-c181bc321bd1,2026-04-21 22:12:31.105943
45,53,e57bd841-63d5-4ca2-8cf6-7c931a9a804c,2026-04-30 02:46:54.951273
46,58,af2c71b1-c739-4f86-97e1-a01f7e337920,2026-04-16 08:10:56.470408
47,59,253f740b-261b-4fd7-bf20-38a4be912d61,2026-04-20 18:22:49.723566
48,23,4ae8d0c3-6d94-44d3-a3fb-611318ee5fd4,2026-04-19 12:00:19.349338
49,69,04ea797e-c11b-484d-a931-1eb26265d2d7,2026-04-22 03:53:05.898684
50,4,e4fa46cb-ac26-4d53-8cae-5e3b9fea3f72,2026-04-16 19:16:47.564130
51,64,22b0f1f8-902a-4bd3-a0eb-ac1e7e90ad21,2026-04-12 07:08:16.872360
52,42,8e863c45-edec-485e-b4b3-ea1ddbd2e998,2026-04-24 09:12:37.004188
53,70,5da06881-0c99-42a3-a7a9-c8e7cee77e08,2026-04-18 11:10:41.301050
54,62,d43139d1-6f2d-4459-b9f1-df82aee0f325,2026-04-27 20:45:23.332395
55,34,8690d8aa-1316-435f-b5a7-63efaa21b50c,2026-04-30 00:34:57.493801
56,81,2543918b-c363-4d64-8f81-eb71f91577eb,2026-04-26 11:02:35.782614
57,72,18ebde8d-c264-476c-8ce3-0ebf19b4a8fd,2026-04-24 20:36:01.824833
58,20,8122c8d8-4c48-4d0c-a2ee-917676f0a664,2026-05-04 13:02:23.028993
59,1,52cf8a71-4850-4004-803a-aa2ef5bb8c72,2026-05-10 05:19:41.032956
60,68,01456a27-b884-410a-8d32-65c406bf9f6d,2026-04-24 07:07:42.797311
61,97,92d83dae-3538-4877-9b1f-e35724da1a40,2026-04-22 02:28:12.632809
62,74,be184c83-3216-4392-a196-cd6148df04e5,2026-04-24 07:03:04.467283
63,30,fc0d9899-f7ec-4dc1-9fa9-59e033ca03a4,2026-05-07 15:10:47.831167
64,92,00d7eb4d-17a4-47ac-bc41-521a09881363,2026-04-13 10:20:45.617796
65,58,c8548b33-8b62-435b-85cd-f97987efd86b,2026-04-18 00:44:53.488377
66,24,24108e2b-7f4d-4905-ad49-fbf07a543b50,2026-05-10 03:55:25.239818
67,98,f59eda6f-f172-4e73-ac57-59504535a1f1,2026-04-14 13:41:06.761081
68,7,a4ec0c78-3d37-4c4b-a76a-66f9d01712d8,2026-05-08 14:03:13.986703
69,46,183d54b5-1fee-4dd0-a141-852c081e7a56,2026-05-01 12:15:33.616860
70,95,8515e97c-dbc3-4874-a5e2-b8369ca6a2ea,2026-05-03 22:34:17.770275
71,14,f8028b95-1d29-4165-9ecf-a1b1a4a814e0,2026-05-09 15:37:02.594514
72,60,c25e56f6-1a88-46a2-a030-787a0551c407,2026-04-23 17:37:13.583086
73,41,5d13286e-4336-4507-a425-ab93fac57179,2026-04-24 11:01:10.575433
74,78,b0e86e11-af90-4be5-ac6d-d34eb5e01837,2026-05-10 23:30:12.623726
75,24,4c8d07d3-bdbf-4c05-b9e2-8c57d4a5f7cc,2026-04-27 05:02:05.551531
76,99,0cf8800d-6642-4f07-b805-1d560bb4e0fb,2026-05-11 11:44:54.354950
77,59,3720208d-983b-4429-82a1-b046ae145129,2026-04-21 19:24:48.697539
78,11,cdb8a49e-14d3-4c39-9f15-4c7962d153c8,2026-04-21 13:42:31.270797
79,5,5e5aac67-4dda-4253-81d3-d8eb302ab4b1,2026-05-10 07:02:08.085099
80,72,cc8c2d8f-1348-4032-b19f-bea93420bf44,2026-04-15 07:41:39.205109
81,96,992c3cf1-a756-4397-a06e-4fc5f8f20e36,2026-04-25 18:41:06.616478
82,7,efdb4bad-8756-4c43-8dcc-8114cc684399,2026-05-09 17:35:24.369790
83,90,34339a2c-8689-4b5d-9b1b-9f85862f723f,2026-04-21 22:08:43.755625
84,91,78bde0e3-1760-4a50-9405-5ba50f6cd24c,2026-04-15 12:12:01.805882
85,42,42c4eeaa-b64f-4592-bde0-db6f91cb7596,2026-05-09 23:16:18.340621
86,94,2882c5d8-58f9-439e-8831-f990cb4646c9,2026-04-27 13:36:51.354072
87,98,761e7dd8-44e6-4480-9b83-962b329c8f07,2026-04-16 19:21:01.888306
88,77,26bc41b9-4fa1-4161-bed0-5aab5f969158,2026-04-20 08:29:24.039442
89,23,031c4ea3-6be2-429a-a7a3-e262b048c65d,2026-04-20 13:49:28.798280
90,12,eb1c93a6-6298-451c-9aa8-4b2b87b1f874,2026-04-24 06:07:22.116526
91,64,b780041c-dfcc-4bf5-b9f8-8cebf106059c,2026-05-01 19:04:37.993026
92,86,7182a732-b5b6-4d18-a079-1e39372c0569,2026-04-24 12:10:00.262550
93,53,0505ea9a-2585-416a-8acb-70ca9979efda,2026-04-28 09:05:48.261071
94,87,452d24f5-2f31-4de3-a74e-467687a963ef,2026-04-16 10:44:58.035653
95,59,21f9f6d6-381d-4eb6-be2c-6ab4c880047e,2026-05-08 20:12:03.521085
96,69,ed8bcbe0-7319-49d0-ba69-d2f7b16a52a3,2026-04-21 03:21:45.744911
97,32,c603ff28-ddf4-4739-a85f-d9f4ff3a431f,2026-05-01 03:20:28.550504
98,65,57e48935-980d-441e-a79f-be825bbfd4c8,2026-04-19 11:24:40.737153
99,91,d78391f8-65ac-45a6-b9c3-69708af4ea0a,2026-05-10 18:35:52.771389
100,82,5077a0b8-06c5-428a-9f00-3722a64959bc,2026-05-08 05:00:35.142108
