id,user_id,latitude,longitude,timestamp
1,61,26.0628125,-62.789247,2026-04-03 03:17:59.996973
2,49,86.4320925,-106.763328,2026-04-06 15:21:16.021324
3,19,-41.041334,-169.301456,2026-04-08 21:25:02.785416
4,67,-68.3345045,127.158125,2026-04-04 14:06:23.973271
5,78,39.0457535,-64.141928,2026-04-07 13:19:51.063966
6,18,-48.0337065,50.888428,2026-04-04 08:31:27.918103
7,76,-68.21952,-8.998469,2026-04-06 03:54:41.801740
8,34,-25.4636335,131.24444,2026-04-06 19:40:09.627602
9,79,-62.3279885,-90.653342,2026-04-06 04:21:44.987880
10,25,83.924766,-21.523932,2026-04-07 09:40:47.343515
11,12,-83.070707,-98.454965,2026-04-06 05:02:08.407695
12,41,58.5878205,119.554233,2026-04-03 20:04:50.657747
13,67,16.825955,134.450619,2026-04-11 13:15:15.679996
14,29,49.2358705,-111.9587,2026-04-08 16:29:44.344004
15,49,-28.3658455,-47.905886,2026-04-07 12:00:03.497755
16,90,-7.499302,-107.592824,2026-04-01 07:21:44.475429
17,85,82.9652945,44.164371,2026-04-09 19:46:25.861426
18,80,-11.7029945,60.443081,2026-04-03 03:00:55.697282
19,15,-22.837086,131.162116,2026-04-08 15:07:05.405865
20,45,38.7275465,-66.072279,2026-04-05 19:16:36.359789
21,11,-24.8457395,172.051489,2026-04-05 11:22:17.039753
22,66,-19.7113425,-121.932369,2026-04-11 03:19:48.699461
23,47,16.140388,-20.643978,2026-04-06 11:31:07.841876
24,40,-77.5921245,2.174325,2026-04-09 15:47:24.772567
25,64,53.9706835,-38.90811,2026-04-07 21:52:29.792229
26,97,-75.556334,3.555537,2026-04-06 09:02:32.724790
27,71,-14.224068,100.673673,2026-04-06 00:20:29.983585
28,53,-54.795708,-156.698565,2026-04-10 01:54:56.346709
29,34,44.3320395,159.674078,2026-04-03 00:55:20.199263
30,22,35.7824945,141.866465,2026-04-01 00:51:23.679607
31,58,47.738128,2.356684,2026-04-02 21:35:20.568147
32,33,0.3715285,-176.001837,2026-04-05 13:00:56.443337
33,48,-11.1067275,-127.362124,2026-04-04 11:23:45.739495
34,31,-36.9818185,67.310783,2026-04-02 08:01:41.033462
35,80,-37.214308,16.058537,2026-04-10 15:07:53.330697
36,16,-52.602384,92.244845,2026-04-10 08:20:17.633934
37,19,-64.944292,5.401431,2026-04-09 14:09:55.068933
38,51,-49.894736,25.533907,2026-04-02 07:44:09.361934
39,14,-14.5800855,-19.320026,2026-04-09 19:27:16.121890
40,66,-3.4720825,-95.26422,2026-04-10 07:10:20.893981
41,93,-12.9660385,41.051321,2026-04-06 13:07:47.014005
42,79,84.4451545,129.191945,2026-04-09 16:06:20.319038
43,72,-20.6966495,-84.966231,2026-04-11 07:30:08.015789
44,58,17.583499,110.513406,2026-04-11 12:02:47.321926
45,15,27.5208235,-128.641214,2026-04-11 07:46:11.266644
46,27,26.8434975,93.533042,2026-04-01 08:41:53.181821
47,43,21.4657375,108.174667,2026-04-05 00:11:27.823156
48,43,64.217636,-174.151937,2026-04-07 04:30:50.507843
49,43,-68.9402215,-34.432066,2026-04-10 23:10:43.218840
50,34,26.255213,-140.919723,2026-04-01 03:51:00.133928
51,80,58.0620795,-5.275065,2026-04-07 17:27:41.788215
52,48,-58.762142,17.099327,2026-04-01 10:55:35.901095
53,78,-35.819105,-43.000974,2026-04-01 07:59:27.019481
54,99,13.4629295,40.137215,2026-04-07 17:57:47.092558
55,23,45.275454,59.069213,2026-04-04 09:12:55.880932
56,90,-62.31506,27.005502,2026-04-03 23:31:24.837172
57,95,-80.343213,27.36702,2026-04-07 07:52:15.453450
58,17,-0.7325515,78.517853,2026-04-06 16:28:56.938065
59,42,21.1741455,-129.790782,2026-04-01 04:09:39.245043
60,3,-42.7106385,14.908593,2026-04-03 14:05:48.484888
61,37,-11.8687185,1.95002,2026-04-05 03:37:07.380795
62,91,83.795497,113.35291,2026-04-05 05:30:38.814385
63,84,17.7271765,-40.913475,2026-04-08 03:31:39.192651
64,69,60.3900045,41.81393,2026-04-07 03:26:15.042092
65,43,-22.9643515,36.978942,2026-04-03 23:46:00.582200
66,26,-47.2443275,-31.828315,2026-04-11 05:11:00.595506
67,18,74.8660135,-100.228259,2026-04-01 21:59:24.006904
68,25,-45.8194545,120.202337,2026-04-01 18:01:59.575606
69,59,-87.7764575,-90.868779,2026-04-11 05:41:40.463372
70,42,-53.1302535,151.968816,2026-04-04 10:01:15.789450
71,33,49.4366635,-86.423154,2026-04-02 15:26:15.932656
72,87,-37.1305395,-8.744193,2026-04-05 07:20:26.745775
73,28,-56.6309855,-64.612317,2026-04-04 17:32:59.523736
74,61,-73.6631905,23.724049,2026-04-06 16:19:22.166440
75,53,-63.893572,73.876167,2026-04-01 14:01:42.703197
76,83,-30.2206215,-16.443265,2026-04-02 16:35:19.192261
77,79,87.989224,-163.14393,2026-04-10 07:35:07.890358
78,44,7.8361125,161.680841,2026-04-09 04:31:37.281129
79,92,-78.2739395,143.498988,2026-04-09 09:33:37.837484
80,47,21.364928,-93.042954,2026-04-10 13:45:26.116840
81,97,-76.015399,110.370296,2026-04-09 13:07:50.310627
82,3,25.9037365,-143.565919,2026-04-10 17:54:22.404460
83,48,-2.5064065,-109.355973,2026-04-01 15:06:17.109500
84,58,-24.4823415,45.721729,2026-04-07 15:03:59.101999
85,62,58.425565,-76.795082,2026-04-06 15:12:10.179585
86,54,-8.9895735,56.520367,2026-04-04 00:02:39.940418
87,13,-72.664419,-124.131786,2026-04-04 17:15:41.728273
88,63,71.5385165,167.991678,2026-04-09 19:42:38.094468
89,52,-85.0019615,12.041054,2026-04-10 05:52:37.366218
90,19,-4.1271295,70.13464,2026-04-07 01:34:35.110461
91,48,-28.79897,136.875569,2026-04-08 12:29:35.624467
92,75,23.133112,53.949077,2026-04-10 22:48:19.262986
93,17,-41.970272,143.089731,2026-04-06 13:19:51.641304
94,31,-69.6817645,142.819612,2026-04-08 18:56:30.241632
95,96,-67.812911,-157.483339,2026-04-05 22:48:14.266893
96,23,81.106035,-14.447462,2026-04-03 02:58:15.000751
97,56,15.450874,5.137097,2026-04-08 22:37:18.329049
98,58,-56.89534,-133.138367,2026-04-05 10:52:35.129762
99,5,68.4747205,-34.097632,2026-04-09 22:58:44.814083
100,14,-76.613527,-145.177986,2026-04-09 18:23:26.856099
