user_id,name,email,password,role,created_at
1,Collin Colon,theresa78@example.com,hashed_pass,admin,2026-04-06 10:29:22.199708
2,Amy Crawford,kevin13@example.net,hashed_pass,admin,2026-01-24 20:19:26.433980
3,Darin Johnson,wolsen@example.com,hashed_pass,pharmacist,2026-01-12 00:26:37.185920
4,Helen Carroll,caldwelldouglas@example.com,hashed_pass,pharmacist,2026-01-22 09:35:52.246176
5,Justin Farmer,lrose@example.net,hashed_pass,pharmacist,2026-02-09 17:26:58.222843
6,Regina Taylor,noahmiller@example.com,hashed_pass,admin,2026-01-29 17:57:55.105867
7,Frank Henry,qgonzalez@example.com,hashed_pass,customer,2026-02-07 22:00:25.358539
8,Vickie Benton,jclayton@example.net,hashed_pass,pharmacist,2026-03-16 13:56:59.009694
9,Sandy Black,olsoncindy@example.org,hashed_pass,admin,2026-01-28 19:05:07.828706
10,Emma Kramer,gardnercaitlin@example.org,hashed_pass,customer,2026-02-11 08:14:25.485573
11,Edward Wilcox,umaddox@example.org,hashed_pass,admin,2026-01-10 06:06:03.782661
12,Larry Sutton,whitneyowen@example.com,hashed_pass,pharmacist,2026-02-23 17:49:23.187840
13,Katherine Walker,crystal48@example.net,hashed_pass,admin,2026-02-22 11:02:27.448594
14,Kelsey Park,ddavis@example.org,hashed_pass,admin,2026-03-02 12:09:20.915452
15,Miss Christine Callahan,zachary25@example.net,hashed_pass,customer,2026-03-31 20:52:06.359701
16,Shelly Aguilar,clarkmichelle@example.com,hashed_pass,customer,2026-02-08 02:42:59.969690
17,Brian Reed,parkermariah@example.net,hashed_pass,admin,2026-01-12 07:27:13.297190
18,Shane Mills,rrusso@example.org,hashed_pass,customer,2026-02-18 21:42:22.791359
19,Katherine Singh,crogers@example.com,hashed_pass,pharmacist,2026-01-10 04:09:08.516186
20,Robert Cooper,robert82@example.com,hashed_pass,customer,2026-03-23 23:24:52.936674
21,Charles Davis,donnaroberts@example.net,hashed_pass,customer,2026-01-23 17:43:18.559932
22,Julie Chen,davidsonsamuel@example.net,hashed_pass,customer,2026-04-11 13:42:58.663312
23,David Neal,matthewschmidt@example.com,hashed_pass,admin,2026-02-01 21:29:33.863808
24,Kendra Swanson,xboyd@example.net,hashed_pass,pharmacist,2026-03-06 14:51:03.410110
25,Matthew Castillo,bjones@example.net,hashed_pass,customer,2026-04-07 21:13:05.858502
26,Tracey Turner,stokesjill@example.net,hashed_pass,customer,2026-01-17 22:13:21.650784
27,Tammy Morris,harrisrebecca@example.net,hashed_pass,admin,2026-03-20 14:05:31.493299
28,Kim Collins,zherman@example.org,hashed_pass,admin,2026-04-07 06:36:48.602248
29,Lisa Ferguson,ashley95@example.com,hashed_pass,admin,2026-02-12 07:42:55.258886
30,William Arnold,erodgers@example.com,hashed_pass,customer,2026-01-11 17:54:51.545337
31,Patricia Weiss,littleryan@example.com,hashed_pass,admin,2026-04-08 23:25:55.767225
32,Julie Ashley,jefferygregory@example.com,hashed_pass,customer,2026-01-26 08:30:14.094259
33,Rebecca Jackson,ryan24@example.org,hashed_pass,pharmacist,2026-03-17 09:46:06.581744
34,Joseph Christensen,patrick81@example.com,hashed_pass,customer,2026-01-26 22:27:41.072772
35,Cynthia Moore,fhamilton@example.net,hashed_pass,pharmacist,2026-03-02 15:33:15.942681
36,Christopher Turner,annebond@example.org,hashed_pass,admin,2026-01-08 20:41:42.808079
37,Linda Hodge,sarahcruz@example.org,hashed_pass,admin,2026-03-17 19:28:28.022917
38,Mark Melendez,amyriggs@example.net,hashed_pass,admin,2026-02-24 18:56:35.610536
39,Mitchell Turner,christophercrawford@example.org,hashed_pass,admin,2026-01-12 02:39:57.750693
40,Leah Travis MD,bethvelez@example.net,hashed_pass,admin,2026-04-10 14:35:27.835141
41,Jose Underwood,terry93@example.org,hashed_pass,pharmacist,2026-02-23 20:48:16.831391
42,Amy Erickson,lisaho@example.net,hashed_pass,admin,2026-02-25 17:47:39.830370
43,Bruce Mullins,evelyn17@example.com,hashed_pass,pharmacist,2026-01-29 09:31:00.131266
44,Travis Barajas,vincentlisa@example.net,hashed_pass,admin,2026-01-20 22:48:53.191413
45,Heather Rose,jamie09@example.com,hashed_pass,pharmacist,2026-03-23 06:07:36.392401
46,Heather King,jacqueline89@example.com,hashed_pass,admin,2026-02-08 13:54:08.632433
47,Angela Webb,heatherwood@example.org,hashed_pass,admin,2026-04-07 12:56:34.327409
48,Steven Jacobs,steven95@example.net,hashed_pass,customer,2026-01-13 02:23:30.326346
49,Nicholas Mason,nhughes@example.org,hashed_pass,pharmacist,2026-01-22 02:28:03.688427
50,Cristina Golden,qduncan@example.net,hashed_pass,customer,2026-01-06 23:01:40.862587
51,Donald Webb,abbottjohn@example.net,hashed_pass,pharmacist,2026-02-03 12:44:20.768190
52,Mary Moore,olsonconnie@example.net,hashed_pass,customer,2026-03-12 04:57:57.566365
53,Karen Hernandez,kevin50@example.org,hashed_pass,customer,2026-02-07 21:12:58.643262
54,Mrs. Holly Nguyen MD,kimberly01@example.org,hashed_pass,customer,2026-04-03 02:10:45.092270
55,Evelyn King,brownlance@example.com,hashed_pass,pharmacist,2026-02-24 15:53:38.866940
56,Kathryn Phillips DDS,tbowman@example.org,hashed_pass,customer,2026-03-30 03:29:40.318099
57,Timothy Mcbride,edwardsrebecca@example.net,hashed_pass,admin,2026-03-12 22:44:37.041235
58,Nicole Hutchinson,qbeck@example.org,hashed_pass,customer,2026-02-03 09:50:47.445588
59,Chelsea Riddle,watsonrebecca@example.org,hashed_pass,customer,2026-03-10 15:33:46.881027
60,Nathan Harris,james54@example.com,hashed_pass,admin,2026-03-08 22:09:26.175985
61,Bradley Baldwin,theresa28@example.net,hashed_pass,admin,2026-02-27 11:09:05.295253
62,Michaela Austin,christopherlewis@example.org,hashed_pass,pharmacist,2026-01-13 02:27:09.572256
63,Jennifer Golden,elizabethparker@example.org,hashed_pass,pharmacist,2026-02-23 06:45:57.931894
64,Evelyn Boyd,dylan95@example.org,hashed_pass,admin,2026-01-21 16:42:50.999619
65,James Ramirez,brocktracy@example.com,hashed_pass,admin,2026-03-28 18:38:46.979254
66,Eric Tanner,hunter80@example.org,hashed_pass,customer,2026-02-21 12:40:59.041515
67,Mary Gordon,eileen90@example.com,hashed_pass,admin,2026-02-09 00:40:47.647336
68,Christine Griffin,garyclark@example.net,hashed_pass,pharmacist,2026-03-30 20:00:36.753049
69,Christian Pope,lewisfernando@example.org,hashed_pass,admin,2026-03-07 05:19:15.501021
70,Gregg Richards,pellis@example.com,hashed_pass,admin,2026-04-09 15:05:22.545964
71,Deanna Hughes,patricianorris@example.com,hashed_pass,pharmacist,2026-02-05 16:23:25.948264
72,Rachel Hernandez,madison11@example.org,hashed_pass,customer,2026-04-09 00:55:30.069886
73,Kathleen Edwards,john08@example.org,hashed_pass,admin,2026-01-24 08:21:26.507059
74,Madison Jennings,rosealexander@example.net,hashed_pass,customer,2026-02-28 04:26:27.996280
75,Richard Barry,janicemurray@example.net,hashed_pass,customer,2026-01-28 22:20:56.855334
76,Lisa Fuller,timothynichols@example.org,hashed_pass,pharmacist,2026-04-10 14:47:06.498053
77,Jerry Romero,vharris@example.net,hashed_pass,pharmacist,2026-01-06 11:10:54.541955
78,Kayla Jenkins,gina38@example.org,hashed_pass,admin,2026-03-04 16:53:00.150842
79,Jermaine Tran,smorgan@example.com,hashed_pass,admin,2026-01-25 08:17:22.641882
80,Andrew Horn,russellanderson@example.com,hashed_pass,admin,2026-04-06 05:46:19.894311
81,Daniel Bennett,sacosta@example.com,hashed_pass,admin,2026-04-04 06:45:06.410989
82,Richard Jennings,vevans@example.com,hashed_pass,customer,2026-03-28 03:22:31.817812
83,Gregory Roberts,thorntonsarah@example.net,hashed_pass,pharmacist,2026-03-18 04:46:38.659705
84,Matthew Palmer,antonio52@example.com,hashed_pass,admin,2026-03-10 06:53:13.853381
85,Bobby Wallace,driddle@example.net,hashed_pass,pharmacist,2026-01-09 02:55:21.780712
86,Julia Hughes,xdavis@example.com,hashed_pass,admin,2026-03-10 07:21:53.440565
87,Kimberly Smith,gsmith@example.com,hashed_pass,customer,2026-03-05 15:18:59.904046
88,John Warner,wbrown@example.com,hashed_pass,admin,2026-04-02 11:42:18.283502
89,Stephen Mckinney,tarawright@example.com,hashed_pass,customer,2026-02-02 04:27:02.210715
90,Rodney Jackson,brittany62@example.org,hashed_pass,admin,2026-03-24 15:16:21.210380
91,Rebecca Williams,troy08@example.net,hashed_pass,customer,2026-02-05 06:45:39.691645
92,Thomas Arellano,hillsarah@example.net,hashed_pass,pharmacist,2026-03-06 23:39:40.844860
93,Matthew Rice,deleonjames@example.com,hashed_pass,customer,2026-02-17 10:53:24.291805
94,Chad Allen,shawncollins@example.org,hashed_pass,admin,2026-04-08 00:01:41.722222
95,Kelli Kelly,ygomez@example.org,hashed_pass,pharmacist,2026-03-29 01:56:55.215043
96,Joyce Duncan,rodgerstyler@example.org,hashed_pass,admin,2026-01-21 05:31:21.397142
97,Amber Becker,lisa10@example.org,hashed_pass,customer,2026-02-17 13:05:50.845874
98,Kevin Briggs,butlerpaul@example.org,hashed_pass,admin,2026-03-15 03:59:31.188583
99,Erik Garza,reidsandra@example.net,hashed_pass,admin,2026-02-13 21:48:23.687795
100,Christina Brown,hillstephen@example.org,hashed_pass,customer,2026-03-24 09:33:21.983312
